komentar,Klasifikasi
Siapa yg menonton vidio ini setelah bapak prabowo terpilihâ¤,Netral
aku cinta prabowo kiw kiw,Netral
Apapun yg terbaik utk memimpin RI sebenarnya hanya Bpk Prof Dr Anes Rasyid Baswedan dan yg terburuk adalah Prabowoh.,Tidak Suka
prabowo menang anis menangissssssss mampus luuuuu,Netral
"PAK PRABOWO DAN PAK JOKOWIDODO ??

MUMPUN PEMILU PRESIDEN 2024 sampai 2abad24 tahun akan datang sehingga PAKAI SEMEN DI COR BUAT KANTOR GEDUNG PUTIH DI INDONESIA SUPAYA BERSAMA AHOK COR BUAT BEKERJA,2024 ðŸ™ðŸ™ðŸ™ðŸ™",Netral
prabowo menang,Netral
"Kalo keinget debat ini Yank suka ngadu domba yo iku anis sama jnggar ...
jangan di masukin kabinet pak prabowo ...bikin gaduhh anis tak tau diri kacang Lupa kulitnya ...untung nyungsep kau aniss..
Gak pantas jdi pemimpin si anisa..doyan ngomong tpi tak pinter kerja.....
Cari yank sudah bukti dan akhirnya Prabowo yank Resmi menang ..",Suka
Amin bapak menang pemilu ini Prabowo menang pemilu kali ini aku pilih sama Prabowo kalinya enggak usah beli Prabowo pilih Anies aja aku pilih Prabowo Prabowo menang Prabowo menang Prabowo Prabowo menang,Netral
Aminn mas pak prabowo gibran,Netral
Prabowo  aku  man uang  2juta,Netral
"Pak Prabowo kami Satria Mida Indonesia, . Siap Mendukung Bapa. Allohu Akbar....",Netral
Untuk anakku Nisa ayah komintar disini supaya kamu tau nanti kalau sudah dewasa kamu melihat ayah disini ikut serta mendukung bapak Prabowo Subianto â¤,Netral
"Pak prabowo ini samat pintar ngeles, kiat bicara tentang angin dulu maksut dan omongan pak anis itu jika tida adak angin mungkin polusi tidak akan menyebar kemana mana, dan jika angin punya ktp otomatis dia akan bergerak mengiluti aturan layknya rakyat itu maksut dan tujauan wowo wowo. Salam akal sehat buat wowo dan para pemujamuðŸ˜‚ðŸ˜‚",Netral
"Prabowo mau negakkan hukum, wakil anda saja sudah melanggar hukum dari awal, mau bilang netral emang gak sadar apa anda dari awal sampai ahkhir penhitungan suara, lucu lucu",Netral
Maju trus pak âœŠjangan pernah takut untuk menyuarakan kebenaran lwn si anus itu bersama dgn si ganjar yg sombong angkuh di dlm berbicara  pak prabowo kami d belakangmu lwn mereka pak tegakkan keadilan hancurkan kezholiman,Netral
Yang ditanyakan pleh bapak prabowo Kemana anggaran 80T nya pak aniiiiesss malah nyalahin angiinnnnn hahahaa,Netral
"Betul kata Prabowo apapun masalah bangsa ini meang perlu didiskusikan,walaupun tidak semudah kenyataannya ðŸ‘",Netral
Hidop prabowo gibran,Netral
"Pak Prabowo adalah pemimpin sejati. 
Semoga pk Prabowo menang dan rakyatnya makmur ðŸ‘ðŸ’ª",Netral
Betul  kata pk prabowo  ...mntap,Netral
Selamat pak prabowo gemoyyyâ¤,Netral
Yang dukung pak Prabowo siapa tunjuk tangan,Netral
Sejujur nya gini ya saya dukung 02 karna bpak prabowo aja ..bukan karna gibran..jujur ya itu gibran ga masuk dalam tipe saya secara politik apalgi mengurus indonesia seharusnya pasangan prabowo ini yg pas itu bpa anis ..cuman ini politik jdi pasangan masing2 agak ngawur ....,Netral
"Insya Allah Smoga bpk Prabowo / mas Gibran   mau mengang
kat tenaga guru honorer di seluruh indonesia baik  sekolah negeri maupun sekolah yayasan.",Netral
Prabowo.  President.  RI.,Netral
Prabowo. President.,Netral
Tetap.  Kan.  Bapak. Prabowo.  Dan.   Gibran,Netral
: Terus kenapa..Jangan terlalu langsung anak Jokowi si Gibran wakil Dia..,Netral
Janga pili Prabowo kalo Prabowo jadi presiden bisa jadi pran dengan ngra yang dekat indonesia hati2 pili prabowo,Netral
Ok pak Prabowo yakin jadi persiden..,Netral
di Lampung pupuk pertanian juga susah pak Prabowo..moga bisa di himbau,Netral
â¤ Prabowo Subianto presiden ku,Netral
"Bangga banget sama jawaban jawaban pak prabowo , keliatan bisa menyelesaikan masalah dengan solusi bukan cuma asal cuap cuapðŸ¥°ðŸ¥°",Netral
Semoga bpk parabowo menang soal tani pupuk penting buat makanan ke Shtan Smga Prabowo SWT di lindungi ALLAH amin,Netral
"knapa pak prabowo ngikut capres berkaliÂ² tidak pernah menang? krna allah sayang indonesia, dan tau mana yg baik mana yg buruk, bgitupun pak prabowo, yg selalu terpancing emosi nya, gmna kalo di kritik masyarakat tpi selalu terbawa emosi? semoga allah bisa membantu semuanya yg baik dan benar, adil dan jujur. terimakasih",Tidak Suka
"Apakah benar yg di katakan pak Prabowo. EKONOMI DI INDONESIA MASIH AMAN. ðŸ˜®
Inilah cawapres yg tidurnya dr pagi bangun pagi lagi..tdk tau keadaan masyarakat..",Netral
Prabowo siap lantik jadi presiden Indonesia ðŸ‘ðŸ‘ðŸ‘,Netral
"Pak prabowo gk ngerti analogi.... Pak anis cocoknya debat sma rocky gerungðŸ˜…

Mksd angin gk punya ktp tuh mksdnya nih, masalah polusi itu bukan mutlak di jakarta tpi angin yg membawa emitan atau polutan itu. Ketika arah angin menuju jakarta, maka alat pendeteksi udara kotor akan mendeteksi bahwa udara di jakarta sedang kotor, kmudian saat arah angin menuju arah lain selain jakarta, maka pendeteksi tidak mendeteksi udara jakarta kotor. Intinya masalah polusi udara itu sebabnya bukan mutlak karena polutan di jakarta saja, tapi polutan dri purwakarta misal yg terbawa angin ke jakarta, maka alat trsebut akan mendeteksi udara jakarta sdang kotor dan persentasenya naik atau diatas normal.

Pak prabowo kn bertanya tantang cara pk anis mengatasi polusi udara dengan dana anggaran 80T. Smuanya sudah dijawab oleh pk anis tetapi dirasa pk prabowo kurang mengerti mksdnya. Secara logika sudah ada pnyampaian ""alat pendeteksi udara di Jakarta"" memangnya itu gk pake duitðŸ˜‚, kmudian pk anis mngatakan kenaikan persentase orang jkt menggunakan kndaraan umum sudah meningkat, artinya dana sbanyak 80T trsebut memang digunakan sbagaimana mestinya.

Prtanyaan pk prabowo yg disoroti disini adalah ""kenapa udara jakarta kotor terus"".... Nah singkatnya itu krena arah angin yg dideteksi oleh alat pendeteksi. Makannya pk anis bilang angin tidak nemiliki ktp. Angin tidak punya identitas untuk mngenali arah angin yg mnuju jkt itu dri mana asalnya. Pk anis bukan avatar untuk bisa trus mengetahui asal angin dn mngendalikan elemen anginðŸ¤£.

Di akhir beliau mengatakan, jika terpilih, maka sluruh indonesia, akan menggunakan sistem pendeteksi udara kotor ini. (Kn ini hanya pendeteksi udara kotor) jika persentasenya diatas normal maka akan dikatakan udara kotor, makannya knapa ada saat jakarta bersih ada saat jakarta kotor. ðŸ˜‚

Inilah maksud pak anis tentang yg angin tidak pnya KTP, yg malah diketawain, krena mungkin wajar bbrapa kurang nangkep maksdnya beliau.ðŸ˜‚

Jdi beliau ingin menyanggah pertanyaan pk prabowo yg mngatakan udara d jkt selalu kotor! Bukan begitu tpi trgantung arah angin dn persentase dri alat pendeteksi udara kotor.

#salamakalsehatðŸ˜‚",Netral
"Lah uu ite aja disahkan oleh pak jokowi atas printah pdip kn wktu itu siapa tuh ktua dpr nya... Wkwkwkw... Skarang pak ganjar mau mngusahakn kbebasan pendapat tpi tunggangannya pdip. Gk salah?! Dari sini aja keliatan pdip mainnya kotor, dari prnyataan pk ganjar yg akan menegakan kbebasan pendapat bagi masyarakat seolah mnyalahkan pakde jokowi pdahal slama 5 tahun kpemimpinan ini aja pkde jokowi ditunggangi pdipðŸ¤¦ðŸ»â€â™€ï¸. Rakyat sudah muak dengan tunggangan bpk yg bnyak melakukan kontroversi. Saya katakan bpk bagus, tapi sayang bahwa pak ganjar akan dijadikan the next doll oleh pdip. Ingat?! Pak jokowi saja hanya petugas partaiðŸ—¿. Padahal sejatinya presiden adalah petugas masyarakat bukan partai!

Pk prabowo juga bnyak yg gk konsisten omongannya sma perilakunya. Beliau menyinggung penegakkan HAM?! Apakah beliau sadar akan rekam jejaknya?! Bliau menyinggung perihal pengorbanan untuk tanah air bangsa dn negara yg slama ini beliau lakoni, apa tidak salah?! Yg rakyat lihat itu pengorbanan untuk para penguasa keji dn pribadi tpi kenapa harus mngatasnamakan rakyat?! 2019 lalu rakyat memberi kesempatakn dn kepercayaan akan bpk terlepas dri rekam jejak yg ada, eh bpk malah beralih dri oposisi ke koalisi. Rakyat skarang sudah jeli bahwa semua itu hanya tentang ambisi pribadi. Disamping itu, beliau mengambil calon wakil presiden yg lahir dri privilege hasil nepotisme antara pdip dn jokowi. Bagaimana mngkin beliau masih bisa berorasi tentang keadilan bagi rakyat khususnya HAM?! Adakah cermin! Kredibilitas dan integritas beliau sudah sangat jelas bkan untuk Tuhan, bangsa dan negara, tpi untuk sebuah kepentingan yg ada pda penguasa.

Pk Anis dengan kecerdasan diksi dan kata2 retorikanya yg terlampau optimis, membuat masyarakat sedikit takut akan janji2, yg sebenarnya janji itu adalah sebuah usaha bersama yg kenyataannya memang tidak akan selali sempurna, karena kesempurnaan hanya milik Tuhan. Namun tak dapat dipungkiri, bahwa rekam jejaknya yg begitu memukau, cukup membuat beliau optimis dlm kata2nya. Seseorang yg terlihat begitu optimis, meski kekurangan itu selalu ada. Keoptimisan beliau yg terlampau memukau, malah membawa kemunduran dn ketakutan bagi para pengecut akan janji2nya!",Suka
Saya nyakin dengan terpilihnya bapak prabowo indonesia bakalan maju..all in no 2 yg ga suka koarÂ²â¤bdw semangat abgku,Suka
betul itu pak prabowo penentu suara adalah rakyarðŸ‘ðŸ‘ðŸ‘ðŸ‘,Netral
Setuju sama pa prabowo saya lebih suka nada berbicara pa prabowo,Suka
"Anis Baswedan : merasa paling pintar dengan gagasan
Prabowo Subianto : sangat berpikir dalam berucap
Ganjar Pranowo : bersikap bijak agar terlihat baik",Netral
aku suka kali pas prabowo bilang atau bahas soal anggaran 80T,Suka
"di tontoj berulang kali masih lucu 
liat paslon 02 di saat paslon 01 bahas oposisi gestur tubuh gestur bibir ðŸ˜‚ 
wajar sih kalau cawapres(gibran)nya gtu saat debat cawapres kemarin karna capres nya aja gtu saat debatðŸ˜… 
kocak kocak.pemilu kocak 
#KEKUASAANMERUBAHSEGALANYAðŸ˜…",Netral
"Sehat selalu bapak Prabowo, biarkan muka mereka yg tebal itu yg cuma hanya omong* itu, fokus tujuan tulus untuk republik Indonesia untuk rakyat mu , sehat selalu pak Bowo gemoy , Cirebon untuk bapak",Netral
Prabowo Prabowo,Netral
"Kao bilang prabowoau mberantas korupsi tp kamu prabowo blm jadi aja dsh  bayak korupsi  ðŸ˜‚ðŸ˜‚ðŸ˜‚
prabowo omon  omon janji palsuðŸ˜‚",Netral
"Hanya Pak Jokowi yg bisa menghadapi Bu Mega, walau sebagai anggota partai. Tapi saya belum yakin kalau Pak Anis ke Pak Paloh dan Pak Ganjar ke Bu Mega bisa menghadapi atasan partainya seperti PakJokowi. Just saying. Let's we think about it.",Netral
"PAK PRABOWO KENAPA ANDA GUGUP MENJAWAB PELANGGARAN HAM PAPUA ? KARENA ANDA ADALAH SEORANG PELAKU PELANGGARAN HAM DI WAMENA TAHUN 95 ITU.... BUKANKELLY KWALIK YG ANDA BUNUH MELAINKAN KAMPUNG2 DAN PEREMPUAN PAPUA ANDA SIKSA DI PERKOSA DAN DI BUNUH.... 
TOLONG ANDA JAWAB ITU JGN BUAT SEOLAH2 SEMUA TDK ADA MASALAH..... 
ANDA INGAT PRABOWO HUKUM KARMA 7 TURUNAN",Netral
Prabowo enggak rela mati dia,Netral
Prabowo â¤â¤â¤â¤â¤â¤â¤â¤â¤â¤ðŸ˜ŠðŸ˜ŠðŸ˜Š sama pak ganjar â¤â¤â¤â¤â¤â¤â¤â¤â¤ðŸ˜ŠðŸ˜ŠðŸ˜ŠðŸ˜ŠðŸ˜ŠðŸ˜ŠðŸŽ‰ðŸŽ‰ðŸŽ‰ðŸŽ‰,Netral
"Saya terlambat nonton debat ini, ternyata ada pertunjukan yang di tunjukkan oleh pak Prabowo, kepada publik bahwa pak brabowo tidak beretika ðŸ‘Ž",Netral
Paling pesat hancur nya ya pak Prabowo,Netral
Kalau koruptor di berantas sampai akar2 nya jokowi dan anak2 termasuk Gibran mendekam di penjara,Netral
Prabowo â¤â¤,Netral
"Pak Prabowo Subianto hormat sedangkan Anies Baswedan tidak disini,kita bisa melihat sapa yang cocok untuk jadi presiden",Netral
"Pa Anis ngomong ke pak Prabowo...""BP ini bukan calon menhan tpi BP ini adalah menhan disini di tunjukan apa yng BP SDH kerjakan bukan apa yng mau di krja kan...kalau itu  saya berarti TNI akan sejahtera akan punya rumh masing"" dan TDK prlu ngekos"" pa Anis sadar GK sih waktu dia ngomong gitu ......waktu debat cagub aja dia bilng mau bngun rumh dp 0% untuk masyarakat yng mempunyai gaji di bawa UMR...nah ktikan udah bkin mlah masyarakat yng gajinya di atas UMR aja yng bisa rasain yng di bawah UMR mana ad .....trus pas di tnya emng itu sngaja di bngun untuk masyarakat yng gajinya di atas UMR ....lah ...... perbincangan waktu debat cagub beda dan waktu di tnya pas udah jdi gubernur beda lagi........ðŸ˜‚ Trus mau so an mau urus menhan .......trus satu lagi pak ini debat capres di mna debat untuk mempertanyakan ke depan nya soal prthanan jika anda jdi presiden bukan debat calon menhan .....Pak Prabowo jdi menhan aja udah bkin rangking TNI kita naik di seluruh dunia jdi urutan ke 12 apa lagi klu pak Prabowo jdi presiden.......trus bapa blng kan klu bpa jdi menhan bpa akan mensejahterakan TNI yaudah BP gak usah ikut capres tunggu pa Prabowo jdi presiden lah BPK di angkat dah jdi menhan gak prlu cape"" pak ikut debat capres klu bpa mau jdi menhan ðŸ¤£",Netral
All in prabowo,Netral
"Dari tahun sebelum nya tetap pak prabowo... 
Bismillah...",Netral
Prabowo kyk bocah ðŸ˜‚.. Ngegimick mulu.. Ga bgt dah buat jadi president,Netral
Hidup Prabowo Subianto,Netral
"Bapak prabowo kalo jadi presiden pasti hevi,krna suka ngelucu,jadi g akan asa bosen sma bapk prabowo iniðŸ˜Š",Suka
Pak prabowo is the best pokokeðŸ˜Š,Netral
"Anis mantep sih , prabowo tulus tapi gk ada solusi ke depan , ganjar masih sama kek presiden"" sebelumnya ( itu"" aja ) ....


Klo gk ANIES , Prabowo sih gw bingung ðŸ˜Œ",Netral
Bapak Prabowo tegas Daan tidak banyak bicara,Netral
Hidup bapak prabowo yang cerdas dan rendah hati,Netral
Dari awal calon yg lain memperpojokan pak Prabowo. dua lawan satu. Sabar pak Prabowo.,Netral
Kemunafikan ada di dalam hati Prabowo,Netral
"Q suka misi pax Prabowo,kata katanya nda berlebihan,sederhana tp pasti",Suka
"Mas prabowo mas prabowo. Pengusung abah anies baswedan.  Yang mengusung gubernur itu bukan mas prabowo. Tapi yang sebenarnya pengusung abah anies jadi gubernur  antara lain. Ya PKS, Sandaga uno dan Bp mardanj kader PKS. Coba chek di google mas prabowo mas prabowo",Netral
"Saya lebih terharu pd pak bowo dia tdk pntang mnyerah smpi 3 kli nyapres ,,smoga kli ini pak bowo dan gibran yg mnjdikan lebih baik dan lbih maju ,,jgn smpai indonesia banjir lg klu bs menurutku amin ya rob smoga diperbaiki pinggir"" sungai dibatasi dinding yg tinggi biar tdk kebanjiran ðŸ‘ðŸ’ªðŸ‡²ðŸ‡¨ðŸ¥°",Netral
Suara nya pak prabowo di mikrofon sudah jelas suara pemimpin,Netral
benar sekali bapak prabowo,Netral
Pak prabowoâ¤â¤,Netral
"Tetap urutan no 2,,,pokoknya satu kali no 2 tetap no 2,,,pak prabowo and mas gibran,,,tiada duanya",Netral
Mantap pak prabowo. Janji mu akan kami ingat,Netral
Bapak Prabowo insyaallah presiden 2024 amin,Netral
"01:02:03 Pak Prabowo :""Mas Ganjar, kita th lah...""
Pak Anies (naikan alis) ðŸ¤”",Netral
"Harus Nya prabowo tuh udah peng siun
 Ngomong nya udah  marah2 aja cepet kesinggung lebih baik serahkan sama yg muda yg masih kuat untuk menjalan pemerintahan yg baik tegas jenius",Netral
Pak Prabowo itu hanya pokus liat petani dan nelayan tpi gk pukus kepada masyarakat yg betul2  membutuhkan seperti gagasan pak Anies jompo itu harus di sorot  dan anak anak sekolah yg TDK mampu dari ekonomi yg lemah saya salut sama pak Anies,Netral
Prabowo Pembunuh Aktifis 1997-1998,Netral
Pa bowo pk Prabowo semangat pk,Netral
Pak Prabowo bismillah pak,Netral
Gibran lolos jadi cawapres berkat ordal di MK... Jangan pilih yang bikin rusak negara!!!!!!,Netral
ðŸ˜‡ðŸ˜‡prabowo aku hindu hhh semua keluarga ku pilih kamu karna amanah joko wi di kamuðŸ˜‡ðŸ¥°,Netral
"Udah deh menangkan prabowo aja, udah bosan dgn basa basi model 2 org itu",Netral
Hidup pak Prabowo!!! Sehat dan bahagia selalu amenðŸ™ðŸ‡®ðŸ‡©ðŸ™tdk hoax dan menjatuhkan dengan cara tdk ada bijaksana!!! Menjatuhkan pilpres yg tdk baik dengan cara kebencian!!! Melainkan punya integritas dan intelektual dalam memberikan kepada rakyat itulha President yg kita butuhkan!!!,Netral
Hidup.bpk.prabowo.Gibran,Netral
Semoga.bpk.prabowo.pmenangx.cap.res..Sya.m.jabar.dn.istri.namax.Ayu.suryani.D.NTB.Nusa.tenggara.Barat.,Netral
"Dengan ini membuktikan bahwa bapak Prabowo ini tidak serius menjadi pemimpin, berbicara tentang negara saja sikap seperti itu, mau jadi apa negara ini.",Netral
Kalo.Ayu.tetap.Dukung.Bpk.hj.Prabowo.dn.bpk.Ghibran.insa.Allah.Amin,Netral
Sebelum dan mau pilihan koar koar manis manis janjinya setelah terpilih apa  sak penak dewe   kui bukti jaman ne jokowi arep nyaman mbiyen,Netral
boleh ga sih jokowi lagi aja ðŸ˜¢,Netral
Heran yah sebut2 namanya prabowo di visi misi.,Netral
"Prabowo otak nangga busuk
Gak punya jwbn yg bnr krna takutnya jujur pelanggaran HAM yg di ia lakukan slma jdi intelejen negara",Netral
Pak Prabowo presiden 2024â¤,Netral
Seolah olah Prabowo TDK punya bahan sma sekliðŸ˜…ðŸ˜…ðŸ˜…,Netral
YA ALLAH AKU MEMILIH BAPAK PRABOWO PRESIDEN RI,Netral
HIDUP PRABOWO SUBIANTOâ¤â¤â¤,Netral
Sampai kapapun saya ttp dukung p.prabowo gibran. Om.santy3 om,Netral
Ya allah semoga pak prabowo dan pak gibran menjadi presiden Ri,Netral
Prabowo bukan untuk berdebat tapi untuk memimpin,Netral
Tadinya g mau milih setelah nonton ini hati terpanggil untuk dukung bp prabowo. Sehat selalu pak,Netral
"Bpk Prabowo g tau apa"" itu mah antek"" nya",Netral
"Bpk Prabowo jgn keu pancing emosi ,seruruh dunia pasti bpk yg persiden",Netral
"Parah""""Prabowo menyerang pribadi Anis Baswedan""""",Netral
Jaya slalu untuk pak Prabowo,Netral
Prabowo  yeesâ¤â¤â¤,Netral
"Saya kok lebih ke Anies ya,lebih cerdas dan santai orangnya,di olokÂ² Prabowo di debat pertama,tapi tetap tenang.",Netral
"Saya lebih condong sma pak prabowo..soalx dy org cukup berpengalaman,tegas,disiplin,dn dy seorang mantan tentara sngat cocok jadi presiden.",Netral
"Sukses Prab
owo dan Gibran menuju Indonesia bersih dari koropsi jugamenuju Indonesia maju amin2ya robbal alamin bravo â¤â¤â¤ðŸ˜‚ðŸ˜‚ðŸ˜‚",Netral
Slam bpk prabowoo.  Yg lainya. Blm mmpu. Semngat pak prabowoo.,Netral
Apa nya yg masih aman pak prabowo? ðŸ˜…,Netral
"Pak Menhan.. sangat elegan ðŸ‘Prabowo dicerca dengan pertanyaan oleh dua orang pensiun gubernur yang pekerjaan mereka berdua banyak yang tidak tuntas,, dan banyak jalan jalan dan bicara banyak saja.. 
Mereka dua ini, Anis dan Ganjar menyerang Bung Prabowo dengan pengalaman setingkat Kepala Daerah. Lebih baik keduanya belajar lebih untuk jadi menteri saja..ya..
Bung Prabowo sangat senior..dan sabar.
Paling sangat layak jadi Presiden RI 2024.
ðŸ’ªðŸ’ªSiap dukung PrabowoðŸ’ªðŸ’ª",Netral
Sukses  prabowo gibran   selalu aamiin,Netral
"Kata Prabowo kalau rakyat tidak memilih dia gk apa2,Prabowo TDK tkut klw TDK ad jabatan,yaiyalah rakyat TDK memilih, ada Jokowi dekeng nya yg memilih,anak Jokowi aja udh ada di samping nyaðŸ˜‚",Netral
"Knp pak Prabowo takut sama pemerintah yg berkuasa,gk mungkin jdi gubernur klw gk da yg berkuasa kata nya,lihat lah Anis percaya diri dan yakin PD diri sendiri menuju keadilan tanpa memandang yg berkuasa,jika pemerintah brkuasa rakyat tak bisa brkata.",Netral
mas gibran  sukses selalu nggeh aamiin,Netral
Prabowo menang,Netral
Bismillah pak prabowo gibran menang amin ya allah,Netral
"Bedakan TNI , dengan orang biasa , prabowo itu tegas karna memang jiwa tanggung jawab",Netral
Saya lebih percya sma bpk prabowo yg siap memberantas para korupsi karna klo tidak ada korupsi indonesia bisa maju hidup bpk prabowo,Netral
"bapa prabowo tlngin saya pa ,,saya mohon bapa yg bs tlngin saya paðŸ˜­ðŸ˜­ðŸ˜­ðŸ˜­ðŸ˜­ðŸ˜­pa smg bp mslaikat plnlng saya pa.",Netral
Tipu pa prabowo,Netral
Prabowo itu munafi,Netral
"PRABOW0
PRABOWO
PRABOWO",Netral
Bau2nya sih Bpk prabowoðŸ˜‚,Netral
"Gw yakin yang jadi presiden prabowo, tingkat persen pendukung Prabowo meningkat ðŸ—¿",Netral
mending kaya prabowo apa adanya dari pada dua cucunguk nutup nutupi sipat aslinya tapi prabowo menang hahahahahahahahahahahahahahahahahahahahahahahahahah nangis dong luuuuuuu,Netral
Siap prabowo mju trus sht sllu amiin,Netral
Doa saya prabowo aja,Netral
Siapa aja mjadi persiden yg pnting bisa liat masrakat y aku sih prabowo,Netral
PRABOWO CUMAN GEDABRUUUUS,Netral
Insaallah pak prabowo presiden RI  2024-2029 Aamiiin,Netral
Do'a kami untuk pak Prabowo,Netral
PAK PRABOWO  JAUH DARI KORUPSI.ðŸ˜Š,Netral
KALO GIBRAN TIDAK BISA BERANTAS KORUPSI MARAH OMNYA BAPAKNYA.,Netral
CUKUP PAK PRABOWO JADI MENTRI PERTAHANAN ANIS BASWEDAN,Netral
"Gak bosen liat debat capres pertama ini, terutama liat pak Prabowo seru bikin ceria tapi jelas arahnya untuk memajukan Indonesia , moderator debat pertama ini bagus professional serasi,look nya juga cantik&ganteng Valerina Daniel&ardhito Wijayaâ­â­â­â­â­",Suka
Mantab misi Prabowo,Netral
"Prabowo Gibran Menang,, !!!!!",Netral
Rasanya rakyat akan dibungkam ga ada kritik kl prabowo jd presdn,Netral
Pak Prabowo apa yg di maksudkan  Demokratik itu besar  ( luas )erti nya  bukan hanya sekadar di beri posisi di dlm politik  saja . . . .,Netral
"Pak Anies memang cerdas sangat bagus dalam hal public speaking, saya paham apa disampaikan program nya dan harapan Nya.. tapi sayang.. menurut penilaian ku hatinya penuh dengan dendam dari awal bicara udah nyerang terus.. kalao mau jadi pemimpin, selesai lah dengan diri sendiri dulu.. pak Ganjar selalu berhati hati bicara, tapi sy paham program yang disampaikan, disayangkan juga partainya yg dianggap di blacklist tapi tdk apa apa.. semua partai juga punya catatan Hitam nya.. Pak Prabowo seperti bapak saya tipikal tidak tau bicara, terlihat tidak tenang dan emosian tapi hatinya penyayang dan apa adanya.. gak nyimpan bangkai di hati.. maaf ini penilaian pribadi..",Suka
Pilian ku ya prabowo,Netral
Andai aj gibran ama anies udah komplit sama sama jenius,Netral
"Q ttp bpk prabowo , pk anis banya janji janji, biasanya cuma manis omonge",Netral
Aku prnah dengar satu hadis nabi yg d riwayatkan   bunyi hadist itu(janganlah memberikan jabatan kepada org yg mnginginkan nya) dlm hal ini mnurutku pak prabowo sangat bernafsu dari dulu mngingin kan jabatan  makanya klu debat kbawa emosi kyk gk tnang gitu,Netral
"Â @rasmanmaulana1859Â  ketiga calon semuanya menginginkan, ketiga calon semuanya bernafsu ingin menjabat.. jika tidak menyukai tidak usah dipilih, siapa yang anda sukai silahkan dipilih.. saya hanya ingin mengatakan kalau pak Prabowo sebelum saya lahir beliau sudah merelakan jiwa dan raganya untuk Bangsa negara ,rakyat, tentunya termasuk orang tua saya dan kita semua .. saya selalu hormat kepada seorang prajurit.. beliau mungkin pemarah, beliau mungkin tidak bisa mengontrol emosi seperti yang tampak.. tapi cobalah sedikit lebih mencari tau tentang Nya,. agar bukan hanya keburukan yang terus anda pandang pada dirinya... Saya dulu Tdk menyukai sikapnya nada bicaranya.. tapi semakin saya mencari tau tentang Nya.. semakin saya melihat sisi lain dari sosok beliau,.  Salam bersaudara.. silahkan memilih sesuai hati nurani.. tidak ada permusuhan di antara kita ðŸ™ðŸ™",Suka
"â€‹Â @royaayuniÂ kamu mau bilang soal orang"" yang tes angkatan tpi gagal krna saingan nya pake orang dalam.....jaman nya Pak Prabowo jdi menhan peraturan dlm TNI  maupun polisi sistem orang dlm itu sdh di hapus......mknya bnyk"" dengr berita mbak",Netral
prabowo menang hahahahahahahahahaha nangis luuuuuu,Netral
"Alahhhh emang demokrasi nya hancur, bapak anis kepilih bukan karena kepempimpinan jokowi atau dukungan prabowo..tapi seijin Allah dengan jalan umat muslim memilih. 

Emang fase 4 seperti kata Rosulullah adalah zaman sekarang dan Alhamdulillah akan berubah ke fase 5,fase islam lagi memimpin dunia",Netral
Prabowo lucuðŸ˜‚ðŸ˜‚ðŸ˜‚ðŸ˜‚ðŸ˜‚ðŸ˜¢emosian banget sih pak prabowoðŸ˜¢ðŸ˜…ðŸ˜‚tetap anis baswedan,Netral
Knpa mreka nyerang Prabowo '. Whay?,Netral
Ttp prabowo,Netral
âœŒðŸ½ 02 . Prabowo - Gibran..!!!ðŸ˜,Netral
Aq takut pak prabowo kena struk...,Netral
Di youtube byak dkung prabowo d fb byak yng dukung pak anisss q tetep anis si,Netral
"Secara waras, saya lebih yakin kalo duet :

PRABOWO & MAHFUD MD

Adalah kombinasi terbaik yang bisa lanjutin negara ini.

Sayang sekali, kedua tokoh ini tidak berada dalam satu party.",Netral
HIDUP PRABOWOOOOO,Netral
Pak Prabowo humoris jg bs memecahkan suasana tegang,Netral
Pak Prabowo mantap top3 cara menjawab dr angka 1 dan pak Ganjar adem dan sejuk cara menjawab,Netral
Rasain luh Prabowo kena ulti.. jadi ayam sayur ðŸ¤£ðŸ¤£,Netral
kalok prabowok jadi presiden sy ganti istri,Netral
Bismillah.. Smga presiden Indonesia pak Prabowo & mas Gibran... melanjutkan kinerja pk presiden Jokowi..,Netral
Prabowo klok ngomong kesusahan,Netral
dari debat pembicaraan anies Baswedan okey..  tapi tetap yang pantas untuk menjadi pemimpin negara PRABOWO GIBRAN . Prabowo yang selalu nepatin janji.,Netral
dsini....yangvunggul prabowo....dan pak ganjarrrrr.........,Netral
"pemimpin bukti ya prabowo
yang lain ngomong doank bulsuttt",Netral
"Anis ini kebanyakan bahasa manis, yg denger jadi pusing,

Pak ganjar berputar2 gak tau isi nya apa 

Pak prabowo, tipe2 yang gak suka banyak ngomong, yg penting liat nanti",Suka
"KEPADA SELURYH RAKYAT INDONESIA KLO , KALIAN INGIN NKRI MENJADI NEGARA KOMUNIS SEKULER DAN MARXISME PILIHLAH PRESIDEN PRIODE 2024 ANTARA LAIN :
0 => PRABOWO SUBIYANTO SIPELANGGAR HAM DAN PEMBUNUH BERDARAH DINGIN
YANG MENHANATI IJMANPARA ULAMA SERTA ANTI ISLAM ( ISLAMO FOBIA )
02 => GANJAR PRANOWO YG HOBINYA NONTON FILM BOKEP ( FLM PORNO ) dan TERSANGKUT MASALAH KORUPSI E.KTP.
MEREKA BERDUA ADALAH MANUSIA ULAR BLUDAK YG BERUBAH MENJADI BUAYA BIADAB.
MERWKA MANUSIA TIDAK PUNYA MORAL DAN AKHLAK...
METEKA BERDUA DRUGALS BERBULU FMBA YG DILINDUBGI OLEH MANUSIA YG MENGAKU HABIB .UDTADZ DARI NU : YAITU HABIB 
LUTHFI YAHYA DAN GUS MIFTAH ( ULAMA RUPIAH ) DIBERI AMPLOP OLEH PRABOWO SUBIYANTO DAN GBRAN RAKABUMING RAJA LANGSUNG TERDIAM DAN MEREKA PARA BUSER iya PEMERINTAHAN DZOLIM YANG DIPIMPIN OLEH JOKOWIDODO.
SAMPAI PARA NU SEKULER YG DIPIMPIN OLEH GUS YAQUD BEROBAH SHOLAWAT NABI MUHAMMSD SAW  MENJADI SHOLAWAT
JKOWIDODO SIPTUKANG TIFU , SITUKANG PALSU IJAZAH KETURUNAN DARI GEMBONG PKI DIERA ORDE LAMA.",Netral
Keren Prabowo emang jossss,Netral
Prabowo tidak bnyak ngomong dia hnya ingin berdindak untuk indonesia ingin membuktikan bahwa beliaw rela mati demi indonesiajdi tidak perlu bnyak omong dan pa gibran jga begituu simpel pasti dan masuk akal. Smoga  prabowo yng menjadi presidenâ¤,Netral
"Pak prabowo, ini baru nyampein visi misi, jangan marah dulu pakðŸ«¶ðŸ˜‡",Netral
Maaf sya pilih pak Jokowi terbaik,Netral
Semangat pak.prabowo kita siap mendukungmu,Netral
Emang pak wowok dapat penghargaan apa? Prestasinya apa selama ada dalam kabinet jokowi?,Netral
Itulah jiwa TNI Dari jiwa pa prabowoðŸ’ªðŸ‘ðŸ‘ðŸ‘,Netral
"Â @ceceptopik326Â  selama ini aku pendukung Prabowo tapi kali ini ogah,,,selama ini aku pikir Prabowo orang baik,,,ternyata penghianat,,,,kalau ulama aja dia berani hianati apalagi kita rakyat jelata ini.",Netral
"â€‹â€‹Â @Sejarah-Tube1509Â masih aja di tanyaa apa yg sudah di lakukan pak Prabowo di negri ini, bro ada hp kan? Lo search di internet lahh jgn cmn pandai merangkai kata kata kaya capres lo",Netral
"Pak Prabowo itu kalo ngomong tidak pernah mara-mara,itu karna beliau dari kemiliteran/kopasus,harap dimengerti yaaa",Netral
NTB berharap pak Prabowo yg menang di pilpres ini,Netral
"Bacot lo nis penghianat, lu klo bukan pak prabowo ga mungkin jadi gubernur malah ngelunjak pengen jadi presiden.",Netral
"Prabowo - Tank
Ganjar - marksmen
Anis - mage
Dari tipe ini ya harus puas dengan menu type yg yang ada. Tapi kalo untuk berhadapan dengan negara asing rasanya butuh sosok assasin dan jungler, tidak bisa diremehkan karna kenyataannya ketahanan kita masih bergantung banyak pada negara lain, baik pangan, teknologi, sdm, alutsista, dan masih banyak ketergantungan negara indonesia kepada negara lain. Jadi jangan hanya fokus pada rakyat kecil, justru rakyat besar itu yang banyak menimbulkan masalah di negara ini. jujur karakter opsi pilpres masa ini tidak cukup untuk masalah yg ada. Tapi ya inilah demokrasi.. yg penting tetap jalan bersama indonesia kita .....â¤",Netral
"Indonesia tidak butuh yang banyak bicara. Tapi Indonesia butuh yang bisa menepati janjinya, dan bisa benarÂ² iklas tulus kepada rakyat. All in prabowo â¤ 
Sesuai amanah Gusdur dan pak habibi â¤ðŸ¤²",Netral
Orang yg paham dan ngerti pasti pk Prabowo lh yg tegas,Netral
Pak prabowo mantap..ðŸ‘,Netral
Bismillah pak Prabowo the next RI 1,Netral
"Loe gak nyampe otak nya ye siapa gubernur yang mampu mengendalikan alam Jokowi aja gagal kasih solusi macet dan banjir di jakarta kok,,,negara maju sekelas jepang dan Amerika aja masih kesulitan bencana alam kok,,,jepang kesulitan mengatasi gempa setiap tahunnya Amerika kesulitan menangani badai setiap tahun nya,,,China polusi udara nya jauh lebih parah macet nya jauh lebih parah",Netral
all in prabowoo,Netral
"â€‹Â @Alin_MaydaÂ apa salahnya dalam berjoget?? slaah klo mengukapkan kebahagian? hidup luh aja kali yang trlalu menyedihkan, trs gak bisa nyari2 kesalahan dri bapak prabowo makanya nyari kesalahanya dlm berjoget ðŸ˜‚ðŸ˜‚",Netral
"Kesalahan Pak prabowo adalah.. pak prabowo pernah mengejek pak anies saat debat capres pertama,dengan menjulurkan lidahnya.. kamu bangga dengan sikap itu??",Netral
"Â @sisiiii7Â  
Joged nga salah bro
Tapi kalo bisa dialong ngapain joged kwkwkww

Prabowo joged karena nga bisa dialong
Takut di tanya orang
Takut nga bisa jawab",Netral
"Â @miloluna7817Â  
Jokowi lebih parah kalo gitu nga bisa bicara tapi tukang tipu hahaha
Tukang ngibul",Netral
"Prabowo harus jdi,,,,",Netral
Bpk Prabowo is the bestâ€¦!â€¦â¤,Netral
"Bener bgt pak prabowo, beli pupuk harus pakai kartu tani, bantuan dari pemerintah yg pakai ATM tani dari bank BRI pun diminta sama pihak kelurahan, DIMINTA SEPAKET DENGAN PIN nya, mohon utk dikaji kembali terkait kebijakan tsb, terima kasih",Netral
yg di kilo meter 50  presiden jokowi pun taada bertindak,Netral
"Semangat Pak Anies,Pak Prabowo dan Pak Ganjar ðŸ˜ðŸ˜ðŸ‡®ðŸ‡©",Netral
"Bismillah. 

Maaf Pada Prabowo Bicaranya Pake Emosi Dan Kesannya ga Pake Attitude
Seperti Pelawak

Pa Ganjar Masih Santun
Pa Anis Masyallah Tegas Wibawa dan Sopan.. 


Siapapun Pemenangnya Rakyat Hanya Ingin Presiden yg Amang Jujur Dan Adil.. 

Agar Kami Rakyat Bisa Maslahat Dunia Akhirat ðŸ™ðŸ™",Netral
Asalamualikum  jagoan ku. Pak perbowo gibran  itu dukungankuðŸ˜‚ðŸ˜‚ðŸ˜‚ðŸ˜‚ðŸ˜‚ðŸ˜‚â¤â¤,Netral
Dsni aku perhatikan pak ganjar hanya bisa tertawa melihat pak prabowo tegas ðŸŽ‰,Netral
Hanya.  Ada 2.  Calon.  Yg.  Pntas.  Jdi.  Presiden.   Antara.  Mas.  Ganjar.   Dn.  Pk prabowo.   Pilih salah satunya.   Dua 2 nya.   Panggah. Oke.    ðŸ‘ðŸ»ðŸ‘ðŸ»ðŸ‘ðŸ»ðŸ‘ðŸ»ðŸ‘ðŸ»,Netral
Duh knp sih harus waktu sedikit .. sampe gemes tu idolaku prabowo ðŸ˜…ðŸ˜…ðŸŽ‰. Pengen jawab yg detil banget cuma waktunya sedikit banget,Netral
Dari awal pilpres gak prnah setuju sama prabowo terlalu arogan dan emosi tidak terkontrol. Makanya dlu pilih jokowi.. Jdi skrg pilihanku Pak Anies ðŸŽ‰,Netral
Kalau Aq pilih pak Prabowo Gibran ðŸ‘ðŸ‘,Netral
Prabowo semoga jadi presiden,Netral
anies keren juga. dia tau musuh terkuat. Langsung di pancing emosi nya dari awal acara. sayang banget pak prabowo ga bisa jaga emosi. langsung blunder pak prabowo. Tapi siapapun presiden nya asal jangan kepala silver.,Netral
Mantap pak prabowo ðŸ˜‚ðŸ˜‚,Netral
Di PAPUA Prabowo munafik,Netral
prabowo menang hahahahahahahahahahahahahaha nangisssss lu,Netral
Pendukung pak aji Prabowo mantap,Netral
Pak aji Prabowo maju2024 mantap,Netral
Prabowo dan pak ganjar utk putaran ke 2,Netral
Jangan cari presiden yg pandai ngomong biasanya yg pandai ngmong itu kerjanya nol tetap no 2 pak prabowo is the best yg lain pandai ngomong semua ðŸ˜‚ðŸ˜‚ðŸ˜‚ðŸ˜‚,Netral
PRABOWO...... TUHAN BERKATI...,Netral
Pak prabowo yes pokoe maju pak bangsa ini butuh aksi bukan kalimat fijsi,Netral
Prabowo pasti menang,Netral
"Prabowo
Pls yg sopan kpd smua candidate. Bp
Annis itu Bukan Anak kecil , panggil lbp Anis dgn gentleman,  berdebat lah dgn beliau secara profesional .",Netral
Prabowo tersinggung mengenai demokrasi dan oposisi,Netral
"Pa prabowo sepertinya hanya berorasi, tpi real nya sangat meragukan, anies fifty fifty pemahamannya bagus tpi utk prakteknya hmmmm fifty fifty.",Suka
Pak prabowo sebagai menhan nyelesain papua ajh ga beres beres giman jadi presiden nyelesain berbagai maslah lainny,Netral
Prabowo sedikit kata tp kreja nyata Anis bayk  mencela faktanya kerja. Nolll besarrr,Netral
"Prabowo kenapa ya bawa bawa nama jokowi terus,  
   Apa mau berlindung dan maju dibawah naungan jokowi,

    Pilpres kemaren gua berkoar2 dukung prabowo, tapi dikali ini sangat tidak puas dengan pendapat2 nya ðŸ˜ª",Netral
"Tadinya saya dukung prabowo 
Tapi melihat gagasan dan pendapat anis 

Top markotop

Yang merasa gagasan & pendapat pemikiran anis TOP 

Silahkan LIKE",Netral
Prabowoooâ¤,Netral
Pintar ngomong doang tapi tdk mengerti omongn nya sendiri ..semoga PK Prabowo JD presiden .....Indonesia....PK Anis bisanya pitnah doang...,Netral
Prabowo pasti menang,Netral
Prabowo2 anda sama sekalii tidak mencermin kan pemimpin yg baik,Netral
"Mana yg trrpilih itu lah pilihan tuhan.klou pak ganjar ini terlalu over tinting,terlalu lebay dan terlalu berambisi.prabowo dan pak Anis lh yg bisa maju garda kedepan.mana yg terpilih ke dua nya itu lh yg terbaik di hadapan tuhan kita.Allah Humma solli Alla muhammad,waalli muhammad,",Netral
ingat apa yg sudah Alm. Gusdur katakan bahwa hanya PRABOWO yg ikhlas untuk Indonesia,Netral
"1:07:46 Rupanya p,prabowo lebih besar emosinya dari pada ilmunyaðŸ˜‚",Netral
"1 . Pak anis.. menyelesaikan mslah dngan solusi
2. Pak prabowo. Mnyelesaikan mslah dngan maslah
3. Pak ganjar. Mnyelesaikan masalah tanpa solusi",Netral
Menit ke 51.55 mantap pak Prabowo...ceploss apa adanya..ðŸ˜…,Netral
BP Prabowo  ðŸ‘ðŸ‘ðŸ‘ðŸŒ¹ðŸŒ¹ðŸŒ¹,Netral
prabowo menang,Netral
"Bagus p prabowo brantas korupsi,trmasuk anis korupsi harus d seret ke mja hijau",Suka
Debat  ini  masih biasa2 aj...yg Lluar biasa itu Anies Baswedan.. PPRABOWO =ðŸ˜¢ðŸ˜¢ðŸ˜¢..??,Netral
"Presiden anti korupsi,cm bpk jokowiðŸ˜…ðŸ˜…ðŸ˜…ðŸ˜…ðŸ˜…ðŸ˜…",Netral
Merdekaaaa pak prabowooooooooooooooooðŸ’ªðŸ’ªðŸ’ªðŸ’ªðŸ’ªðŸ’ªðŸ’ªðŸ’ªðŸ’ªðŸ’ªðŸ’ªðŸ’ªðŸ’ªðŸ’ªðŸ’ªðŸ’ªðŸ’ªðŸ’ªðŸ’ªðŸ’ªâ¤â¤â¤â¤â¤â¤â¤â¤â¤â¤,Netral
"Aq yakin byk yg pilih mas gibranâ¤â¤â¤â¤â¤â¤â¤â¤â¤â¤pokok e pak prabowoo oyessss,bolone jokowi",Netral
Pokok e mas Gibran oyesâ¤,Netral
Kalau p prabowo bagus ....ihlas  bismillah smoga p brabowo yg menang menjadi persiden indonesia.... Ya Allah smoga di kabulkn permintaan hamba Amiiin,Suka
Yg di sampaikan Prabowo ini sevey ke lapangan apa bukti kan,Netral
Sekarang Prabowo bukan waktu itu ngerti nggak sih ente,Netral
"Menurut analis saya Abang Prabowo itu cenderung dalam politik dan belio salah dalam memili pasangan belio berharap dengan menggandeng Gibran belio akan terpilih sebagai presiden tapi menurut hemat saya justru sebaliknya?"" Secara pribadi saya Klir dengan Abang Prabowo tapi belum tentu pada pasangannya jika abang Prabowo mengingat priode sebelumnya saat lawan Jokowi yg puluhan kualisi partai pendukung sedangkan Abang Prabowo Anya memiliki 4 kualisi partai pendukung saat itu aku mendukung belio sepenunya dan dipesan saya untuk belio saya berkata jangan takut dan gentar pada Jokowi yg memiliki puluhan kualisi partai pendukung sekalipun kita hanya 5 kualisi partai yakinlah saya akan hubungi seluru keluarga dari Sabang sampai Merauke untuk dukung Abang Prabowo karena rakyat punya hati rakyat punya jiwa dan rakyat punya mata rakyat tahu mana yg benar mana yg salah?"" disitu jika kita belajar dari pengalaman sebelumnya bahwa kemenangan' kita bukanlah karena mereka kemenangan' kita karena sebagian besar rakyat tak suka pada pemerintahan Jokowi pada priode awal jadi apa yg Abang Prabowo arapkan dari Gibran?""dan dipriode kedua itu saat Abang Prabowo lawan Jokowi sebenarnya Abang Prabowo menang 5 persen dipitung cepat diTVONE tapi kok setelah ada perundingan dari pihak pihak lawan Abang kok seluru siaran TV lain meyiarkan Jokowi menang 5 persen disitu saya sudah menilai kalau Prabowo dicurangi bahkan pengiriman kotak surat suara yg membuktikan kemenangan' Prabowo dijagal dan gudang penyimpanan kotak surat suara dibakar dan apakah kemenangan' terletak pada Gibran putra Jokowi dan untuk priode ini yg tadinya saya telah Klir sekarang kami kecewa dan kami jadi enggan untuk mendukung Abang TTD Damsik Jainudin Soekarno sud putra",Suka
Bismillah pak Prabowo the next Presiden....,Netral
ðŸ’ªðŸ’ªðŸ’ªðŸ’ªðŸ’ªðŸ’ªðŸ’ªðŸ’ªðŸ’ªPrabowo gibranâ¤â¤â¤,Netral
"prabowo yg sekarang sudah jauh berbeda, sudut pandang dari dalam pemerintahan lebih paham permasalahan",Netral
Hidup prabowo,Netral
"Ini real penilaian adu gagasan dri semua kandidat tadi malam :

1. Yang paling memahami isi materi dan paling menguasai panggung saya rasa untuk saat ini cuma pak Anies..

2. Prabowo masih belum mampu mengontrol emosi... mengunakan penyerangan personal bukan berdasar pada kebijakan/kinerja kandidat.. cara ngomongnya masih terlalu dasar/awam sehingga terdengar kurang berkualitas sebagai seorang elit politik..

3. Ganjar terkesan kaku dan masih terlihat bingung dalam mengunakan kosa kata, sehingga terkesan cara komunikasinya seolah memaksakan agar terlihat cerdas.. 
Namun overall masih bisa di pahami.",Netral
"Apapun hasil Debat tsbt, tetap tidak mempengaruhi pikiran rakyat, krn calon pemimpin di nilai, BUKAN dari hasil debat,bukan dari pintar bicara, namun bgmn memimpin negara yg akan mmbuat rakyat bahagia dan sejahtera.  Hny Bpk Prabowo Subianto yg bisa menjadikan kedaulatan rakyat Indonesia dan kemakmuran rakyat Indonesia di masa yg akan datang.untuk itu mari kita berkaca diri, JANGAN percaya dari ucapan dan ungkapan saja, tapi bukti fakta dan nyatanya.kita tidak butuh pemimpin yg pandai bicara,namun kita butuh pemimpin yg PEMBERANI dan bisa mengayomi rakyat,menjaga kedaulatan Bangsa dan Negara, krn kita bituh PEMIMPIN dari Purnawirawan TNI bukan dr SIPIL,yg selalu Tegas dlm memimpin Bangsa. Untuk itu ayo seluruh rakyat Indonesia besok 14 februari 2024, COBLOS NO.2 ,calon Pemimpin yg Tegas dan Pemberani. PRABOWO SUBIANTO & GIBRAN RAKABUMING RAKA, duet sejati TUA & MUDA Milenial.SUKSES SELAMANYA.    2 TOP MATKOTOP",Netral
prabowo saat jawab pertanyaan ganjar soal pengadilan HAM dan menunjukan dimana kubur para korban... prabowo tidak menjawab yg soal kuburan para korban,Netral
Prabowo exmoshi  bismillah ganjar mahpud,Netral
prabowo di speech awal opening bilang indonesia msh aman.. padahal dulu dia bilang indonesia bisa bubar,Netral
"dr debat semalam... ketauan aslinya.. anies selama ini diframing bijak tenang kalem meski dizalimi tapi aslinya ngeri loh... nalurinya agresif.. tanpa belas kasihan.. 
dr awak aja sdh nyerang.. 

lalu prabowo selama ini diframing gemoy santun beradab baik.. jauh beda dr 2014 dan 2019 tapi aslinya msh sama.. ngamukan emosional dan juga diframing intelek namun faktanya dia sdh habis..

sdh sulit berpikir yg berat dan dalam.. 
peak perfomance jauh menurun.. 
fokus pun menurun jauh, misal di debat kmrn temanya ttg HAM, Demokrasi, dan Korupsi tapi prabowo menanyakan polusi udara ke Anies dan bertanya soal pupuk juga pengangguran ke Ganjar.. out of topic

ganjar selama ini diframing baperan mudah marah anti kritik namun faktanya tenang kalem jago story telling.. dan ga ada blunder... 

framing media dan para buzzer terbantahkan di debat kmrn",Netral
Smga saja BPK prabowo.dan mas gibranâ¤â¤â¤â¤,Netral
"â€‹@@ndiboy-dl2tqiya ini debatin pak Prabowo gasii,  pak prabowo jg gbs diem aja sedangkan dia mantan jenderal yg di dasari jiwa yg tegas",Netral
"Sya sih yes untk pak prabowo, tapi wakilnya.., sorry yeee..",Netral
Intinya rakyat memilih dua doang pak anis dangan pak prabowo mohon maaf dulu tidak untuk pak ganjar ðŸ˜…,Netral
