text,kategori
"Suara dari NTT,Ganjar bohong.semua suaranya boooohong",pendukung_ganjar
HIDUP PRABOWOOOOO,pendukung_prabowo
"Program pak Ganjar menarik, tp di belakang pak Ganjar ada bu Mega males",pendukung_ganjar
"Pak Prabowo adalah pemimpin sejati. 
Semoga pk Prabowo menang dan rakyatnya makmur üëçüí™",pendukung_prabowo
Mas Anies mas Anies,pendukung_anis
"Yuk 1 AMIN

#darisantriuntuknegeri
#kebangkitanislamindonesia",pendukung_anis
Tetap anis pokok nya,pendukung_anis
Anis sangat bodoh negata sendiri mau buka2 an kelemahan bodoh,pendukung_anis
‚ù§‚ù§‚ù§‚ù§‚ù§‚ù§hadir fetus Dari Saudi p  aniss,pendukung_anis
Bapak Prabowo tegas Daan tidak banyak bicara,pendukung_prabowo
Pak aji Prabowo maju2024 mantap,pendukung_prabowo
"Bacot lo nis penghianat, lu klo bukan pak prabowo ga mungkin jadi gubernur malah ngelunjak pengen jadi presiden.",pendukung_prabowo
CUKUP PAK PRABOWO JADI MENTRI PERTAHANAN ANIS BASWEDAN,pendukung_anis
Ganjarü•∞,pendukung_ganjar
"Saya terlambat nonton debat ini, ternyata ada pertunjukan yang di tunjukkan oleh pak Prabowo, kepada publik bahwa pak brabowo tidak beretika üëé",pendukung_prabowo
"Gwa gedeg ama jwban anies di menit ke 1:24:00 masak ya yg dtnya tu apa jwabnya apa.  Simpel kok klw trllu byk penyebab polutan,  y bkin sumber O2 nya jd lebih banyak entah dg menambah pohon2 yg mengalirkan o2 lebih byk atau apa kek gtu.  Trus yg mslah d awal dia nanya ttg dana2 dari partai oposisi utk kampanye tu,  ya elah lupa diri banget sih,  jd gubernur emang dana lu dari mana?  Sumbangan daun mati gtu?  Mknya gwa dr awal gedeg ama si anis, g tau trma kasih bnget. Pas mlih cak imin aja tu 3 hri sblmnya mendtangi SBY dg menggandeng AHY jd cawapres ktnya, akhirnya sampe sekarang berlalu aja tnpa ngmong apa2 k SBY.. Trus debat bhas2 etika..  Tayiqqqq la..  Etika lu sndri aj kosong.",pendukung_anis
Prabowo lucuüòÇüòÇüòÇüòÇüòÇüò¢emosian banget sih pak prabowoüò¢üòÖüòÇtetap anis baswedan,pendukung_anis
Pak anis cerdas banget‚ù§,pendukung_anis
aku cinta prabowo kiw kiw,pendukung_prabowo
Setuju sama pa prabowo saya lebih suka nada berbicara pa prabowo,pendukung_prabowo
Smngat pa Ganjar Pranowo üòäüòä,pendukung_ganjar
"Kalimatnya  kurang  kwalitas bos,anis",pendukung_anis
Sikat koruptor pk ganjar pasangan anda kok nantivyang akan menang,pendukung_ganjar
Prabowo  aku  man uang  2juta,pendukung_prabowo
"Saya cuma mau saran terkait gagasan yang diberikan oleh Ganjar kan disitu ada yg membahas mengenai puskesmas, nah yg saya ingin berikan pendapat itu mengenai rumah sakit dengan biaya parkirnya yg bisa dibilang lumayan mahal masa sekarang dihitungnya per jam misal dirumah sakit parkirnya nyampe 3 hari ya itu bisa memberatkan si pengunjung pasiennya...semoga siapa saja yang menjadi presiden bisa menghapuskan biaya parkir dengan perhitungan perjam, kalo masih 5k nah masih normal kalo nyampe 25 atau 30 ribu perhari itu udh termasuk lumayan mahal...itu saja si sarannya semoga bisa dipahami üôèüèª",pendukung_ganjar
Ok pak Prabowo yakin jadi persiden..,pendukung_prabowo
Ganjar Pranowo ‚ô•Ô∏èüî•ü§üüôè,pendukung_ganjar
"‚Äã@@ndiboy-dl2tqiya ini debatin pak Prabowo gasii,  pak prabowo jg gbs diem aja sedangkan dia mantan jenderal yg di dasari jiwa yg tegas",pendukung_prabowo
gue curiga si anies dapet kunci pertanyaan dari sebulan yg laluüòÇ,pendukung_anis
prabowo menang anis menangissssssss mampus luuuuu,pendukung_anis
Pak Prabowo apa yg di maksudkan  Demokratik itu besar  ( luas )erti nya  bukan hanya sekadar di beri posisi di dlm politik  saja . . . .,pendukung_prabowo
"Dengan ini membuktikan bahwa bapak Prabowo ini tidak serius menjadi pemimpin, berbicara tentang negara saja sikap seperti itu, mau jadi apa negara ini.",pendukung_prabowo
Heran yah sebut2 namanya prabowo di visi misi.,pendukung_prabowo
Pak anies memang idola ku,pendukung_anis
"Semoga Anies Baswedan akan menjadi pemimpin yang makmur dan bisa menjadi panutan yang bagus untuk negara Indonesia, Anies Baswedan semoga menang menjadi presiden 2024 aminnn no 1 Dhe best sekali‚ù§‚ù§‚ù§‚ù§",pendukung_anis
"Lah uu ite aja disahkan oleh pak jokowi atas printah pdip kn wktu itu siapa tuh ktua dpr nya... Wkwkwkw... Skarang pak ganjar mau mngusahakn kbebasan pendapat tpi tunggangannya pdip. Gk salah?! Dari sini aja keliatan pdip mainnya kotor, dari prnyataan pk ganjar yg akan menegakan kbebasan pendapat bagi masyarakat seolah mnyalahkan pakde jokowi pdahal slama 5 tahun kpemimpinan ini aja pkde jokowi ditunggangi pdipü§¶üèª‚Äç‚ôÄÔ∏è. Rakyat sudah muak dengan tunggangan bpk yg bnyak melakukan kontroversi. Saya katakan bpk bagus, tapi sayang bahwa pak ganjar akan dijadikan the next doll oleh pdip. Ingat?! Pak jokowi saja hanya petugas partaiüóø. Padahal sejatinya presiden adalah petugas masyarakat bukan partai!

Pk prabowo juga bnyak yg gk konsisten omongannya sma perilakunya. Beliau menyinggung penegakkan HAM?! Apakah beliau sadar akan rekam jejaknya?! Bliau menyinggung perihal pengorbanan untuk tanah air bangsa dn negara yg slama ini beliau lakoni, apa tidak salah?! Yg rakyat lihat itu pengorbanan untuk para penguasa keji dn pribadi tpi kenapa harus mngatasnamakan rakyat?! 2019 lalu rakyat memberi kesempatakn dn kepercayaan akan bpk terlepas dri rekam jejak yg ada, eh bpk malah beralih dri oposisi ke koalisi. Rakyat skarang sudah jeli bahwa semua itu hanya tentang ambisi pribadi. Disamping itu, beliau mengambil calon wakil presiden yg lahir dri privilege hasil nepotisme antara pdip dn jokowi. Bagaimana mngkin beliau masih bisa berorasi tentang keadilan bagi rakyat khususnya HAM?! Adakah cermin! Kredibilitas dan integritas beliau sudah sangat jelas bkan untuk Tuhan, bangsa dan negara, tpi untuk sebuah kepentingan yg ada pda penguasa.

Pk Anis dengan kecerdasan diksi dan kata2 retorikanya yg terlampau optimis, membuat masyarakat sedikit takut akan janji2, yg sebenarnya janji itu adalah sebuah usaha bersama yg kenyataannya memang tidak akan selali sempurna, karena kesempurnaan hanya milik Tuhan. Namun tak dapat dipungkiri, bahwa rekam jejaknya yg begitu memukau, cukup membuat beliau optimis dlm kata2nya. Seseorang yg terlihat begitu optimis, meski kekurangan itu selalu ada. Keoptimisan beliau yg terlampau memukau, malah membawa kemunduran dn ketakutan bagi para pengecut akan janji2nya!",pendukung_anis
Semoga p.Anis menang jadi Presiden,pendukung_anis
Prabowo ‚ù§‚ù§,pendukung_prabowo
"pak anies ini ngomongnya paling pinter, tapi biasa.nya yg bisa eksekusi justru yg ngomongnya paling belibet, tau kan",pendukung_anis
Kudoakan pak anies tuhan campur tangan ya pak .ga ada yg mustahil bagi tuhan . Jgn kuatir berdoa pasti bapak menang  .‚ù§,pendukung_anis
Merdekaaaa pak prabowooooooooooooooooüí™üí™üí™üí™üí™üí™üí™üí™üí™üí™üí™üí™üí™üí™üí™üí™üí™üí™üí™üí™‚ù§‚ù§‚ù§‚ù§‚ù§‚ù§‚ù§‚ù§‚ù§‚ù§,pendukung_prabowo
Wkwkwk banyak buzzer Anies,pendukung_anis
"Jdi untuk BPK @anies Baswedan ta prlu cape "" bapa ngomong panjang lebar ngibulin masyarakat dengn berkedok agama ...kasihan pak kasihan bp jdi gubernur SJ udah menyusahkan masyarakat sebagian apa lagi klu BP jdi presiden paküôè",pendukung_anis
Ganjar best,pendukung_ganjar
Tidak.  Semua. Manusia.  Memilih. Anis,pendukung_anis
"Pak Ganjar gaya bicaranya Jelas ya 
Mudah di mengerti",pendukung_ganjar
Prabowo siap lantik jadi presiden Indonesia üëçüëçüëç,pendukung_prabowo
Sangat manis sekali dari pak Anies masalah Agama ini yg benar menjalan Panca sila yg baik sayangnya waktu pembukaan salamnya tidak semua agama sebagaimana no urut 2 dan 3 berarti Anies hanya setengah hati apalagi tidak mau meneruskan IKN sy serukan rakyat kalimantan jangan mau memilih orang yg tidak senang dgn IKN,pendukung_anis
Akuh pilih pak anies,pendukung_anis
"Mana yg trrpilih itu lah pilihan tuhan.klou pak ganjar ini terlalu over tinting,terlalu lebay dan terlalu berambisi.prabowo dan pak Anis lh yg bisa maju garda kedepan.mana yg terpilih ke dua nya itu lh yg terbaik di hadapan tuhan kita.Allah Humma solli Alla muhammad,waalli muhammad,",pendukung_anis
"Izin menanggapi yaa, menurut penilaian saya, apa yang disampaikan pak Anies adalah representasi dari keresahan masyarakat umum. Seperti soal kritikan terhadap fenomena ""orang dalam"". Saya yakin semua orang pasti pernah melihat atau bersinggungan langsung dengan orang¬≤ yang menggunakan privilege tersebut. Seperti sulitnya mendapatkan pekerjaan karena dikuasai orang dalam dsb. Bahkan, ada yang dengan bangga memamerkan tindakan kecurangan itu. Saya justru ingin berterima kasih kepada pak Anies karena berhasil menyuarakan keresahan kami. Itu saja",pendukung_anis
anies keren juga. dia tau musuh terkuat. Langsung di pancing emosi nya dari awal acara. sayang banget pak prabowo ga bisa jaga emosi. langsung blunder pak prabowo. Tapi siapapun presiden nya asal jangan kepala silver.,pendukung_anis
"Prabowo harus jdi,,,,",pendukung_prabowo
pak anis terlalu banyak visi misi.apakah nanti kalau sudah jadi presiden apakah  bisa melakukan semua itu.,pendukung_anis
Dsni aku perhatikan pak ganjar hanya bisa tertawa melihat pak prabowo tegas üéâ,pendukung_prabowo
Kok aku jijik ya lihat cara Anis dan Ganjar berbicara üòÇüòÇ,pendukung_anis
Untuk anakku Nisa ayah komintar disini supaya kamu tau nanti kalau sudah dewasa kamu melihat ayah disini ikut serta mendukung bapak Prabowo Subianto ‚ù§,pendukung_prabowo
PAK GANJAR Haleluya,pendukung_ganjar
Lalu bagaimana keadilan yang akan anda berikan bung anis? Hanyangeles saja jangankan mikir keadilan yang harusnya rakyat bisa makan berad bansosblho justru lenyap dan itu hanya tinggal menyampaikan lho kenapa bisa akarenabitulahbyangbadil menurutbungvanis apakah akan kitabpilih? Tidak kitabharus pilih yang lainyang tidak mementingkan perutvsendiri,pendukung_anis
"Saya kok lebih ke Anies ya,lebih cerdas dan santai orangnya,di olok¬≤ Prabowo di debat pertama,tapi tetap tenang.",pendukung_anis
Jawa barat nga di sebut sama pk ganjar,pendukung_ganjar
Sala pak anis,pendukung_anis
Mantab misi Prabowo,pendukung_prabowo
PAK GANJAR PISIMISINYA SUDAH LAMA TERBENTUK.,pendukung_ganjar
"Knp pak Prabowo takut sama pemerintah yg berkuasa,gk mungkin jdi gubernur klw gk da yg berkuasa kata nya,lihat lah Anis percaya diri dan yakin PD diri sendiri menuju keadilan tanpa memandang yg berkuasa,jika pemerintah brkuasa rakyat tak bisa brkata.",pendukung_anis
‚ù§‚ù§‚ù§‚ù§‚ù§p Ani's smga jdi persiden,pendukung_anis
Anies emang cocok jadi presiden RI  maju trus pak semoga terlantik di THN ini,pendukung_anis
prabowo menang hahahahahahahahahahahahahaha nangisssss lu,pendukung_prabowo
Anis cuma pinter ngomong waktu jadi gubernur DKI banyak ngibul tidak sesuai fakta. Tapi sekarang Kabar nya Anis banyak hutang nyungsep ke got jadi gembel politik üéâüòÇ,pendukung_anis
Pk anis itu banyak hayalan di kira segampang mengatur rumah tangga basih itu masarakat sudah pintar,pendukung_anis
Tetap.  Kan.  Bapak. Prabowo.  Dan.   Gibran,pendukung_prabowo
"dr debat semalam... ketauan aslinya.. anies selama ini diframing bijak tenang kalem meski dizalimi tapi aslinya ngeri loh... nalurinya agresif.. tanpa belas kasihan.. 
dr awak aja sdh nyerang.. 

lalu prabowo selama ini diframing gemoy santun beradab baik.. jauh beda dr 2014 dan 2019 tapi aslinya msh sama.. ngamukan emosional dan juga diframing intelek namun faktanya dia sdh habis..

sdh sulit berpikir yg berat dan dalam.. 
peak perfomance jauh menurun.. 
fokus pun menurun jauh, misal di debat kmrn temanya ttg HAM, Demokrasi, dan Korupsi tapi prabowo menanyakan polusi udara ke Anies dan bertanya soal pupuk juga pengangguran ke Ganjar.. out of topic

ganjar selama ini diframing baperan mudah marah anti kritik namun faktanya tenang kalem jago story telling.. dan ga ada blunder... 

framing media dan para buzzer terbantahkan di debat kmrn",pendukung_anis
"Pak Ganjar, sy dari Papua Barat pak mohon izin sy sampaikan bahwa ketika pak dipilih JD presiden, pak, ingat ada perusahaan di masing _masing daerah jgn yg kerjanya orang diluar Papua",pendukung_ganjar
"Insya Allah Smoga bpk Prabowo / mas Gibran   mau mengang
kat tenaga guru honorer di seluruh indonesia baik  sekolah negeri maupun sekolah yayasan.",pendukung_prabowo
Prabowo tersinggung mengenai demokrasi dan oposisi,pendukung_prabowo
Wakanda no more Indonesia forever slogan itu maksud nya gimana ü§î wakanda is not even a real thing its a fiction. Mau nyalon jd president or movie actor pak Anis üòÅ,pendukung_anis
Pa bowo pk Prabowo semangat pk,pendukung_prabowo
Janga pili Prabowo kalo Prabowo jadi presiden bisa jadi pran dengan ngra yang dekat indonesia hati2 pili prabowo,pendukung_prabowo
Ganjar mantap‚ù§,pendukung_ganjar
Alhmdllah. Sudah hadir sosok pemimpin yg adil cerdas.. smga pak anis mnjadi presiden indonesia.... Inilah pmimpin yg kita dambakan,pendukung_anis
"Pak Ganjar tolong kemiskinan di Jawa tengah di kurangi dulu..,saya berdomisili di Jawa tengah untuk cari makan saja susah..UMR nya juga masih sekecil itu.",pendukung_ganjar
"Pak prabowo gk ngerti analogi.... Pak anis cocoknya debat sma rocky gerungüòÖ

Mksd angin gk punya ktp tuh mksdnya nih, masalah polusi itu bukan mutlak di jakarta tpi angin yg membawa emitan atau polutan itu. Ketika arah angin menuju jakarta, maka alat pendeteksi udara kotor akan mendeteksi bahwa udara di jakarta sedang kotor, kmudian saat arah angin menuju arah lain selain jakarta, maka pendeteksi tidak mendeteksi udara jakarta kotor. Intinya masalah polusi udara itu sebabnya bukan mutlak karena polutan di jakarta saja, tapi polutan dri purwakarta misal yg terbawa angin ke jakarta, maka alat trsebut akan mendeteksi udara jakarta sdang kotor dan persentasenya naik atau diatas normal.

Pak prabowo kn bertanya tantang cara pk anis mengatasi polusi udara dengan dana anggaran 80T. Smuanya sudah dijawab oleh pk anis tetapi dirasa pk prabowo kurang mengerti mksdnya. Secara logika sudah ada pnyampaian ""alat pendeteksi udara di Jakarta"" memangnya itu gk pake duitüòÇ, kmudian pk anis mngatakan kenaikan persentase orang jkt menggunakan kndaraan umum sudah meningkat, artinya dana sbanyak 80T trsebut memang digunakan sbagaimana mestinya.

Prtanyaan pk prabowo yg disoroti disini adalah ""kenapa udara jakarta kotor terus"".... Nah singkatnya itu krena arah angin yg dideteksi oleh alat pendeteksi. Makannya pk anis bilang angin tidak nemiliki ktp. Angin tidak punya identitas untuk mngenali arah angin yg mnuju jkt itu dri mana asalnya. Pk anis bukan avatar untuk bisa trus mengetahui asal angin dn mngendalikan elemen anginü§£.

Di akhir beliau mengatakan, jika terpilih, maka sluruh indonesia, akan menggunakan sistem pendeteksi udara kotor ini. (Kn ini hanya pendeteksi udara kotor) jika persentasenya diatas normal maka akan dikatakan udara kotor, makannya knapa ada saat jakarta bersih ada saat jakarta kotor. üòÇ

Inilah maksud pak anis tentang yg angin tidak pnya KTP, yg malah diketawain, krena mungkin wajar bbrapa kurang nangkep maksdnya beliau.üòÇ

Jdi beliau ingin menyanggah pertanyaan pk prabowo yg mngatakan udara d jkt selalu kotor! Bukan begitu tpi trgantung arah angin dn persentase dri alat pendeteksi udara kotor.

#salamakalsehatüòÇ",pendukung_anis
OK bpk Anis Baswedan jdi president Indonesia amin,pendukung_anis
Bangkit pak anis...mantap,pendukung_anis
Anis pandai cakap kosong üòÇüòÇ,pendukung_anis
Anis pantas jadi pelawak masa angin ga punya ktp,pendukung_anis
Hidop prabowo gibran,pendukung_prabowo
Lanjutksn pk Ganjar aku cocok sama pk gjr.yg merakyat pd rakyat bawahan.,pendukung_ganjar
Pak anies keren. .bener2 calon pemimpin yg amanah,pendukung_anis
"Bagus p prabowo brantas korupsi,trmasuk anis korupsi harus d seret ke mja hijau",pendukung_anis
"Pahamin jgn langsung komen visi misi pak Ganjar dia mendengarkan keluhan rakyat Indonesia,bocah wibuh bocah wibu pahamin dluin baru komen wibuu",pendukung_ganjar
"Pa Anis ngomong ke pak Prabowo...""BP ini bukan calon menhan tpi BP ini adalah menhan disini di tunjukan apa yng BP SDH kerjakan bukan apa yng mau di krja kan...kalau itu  saya berarti TNI akan sejahtera akan punya rumh masing"" dan TDK prlu ngekos"" pa Anis sadar GK sih waktu dia ngomong gitu ......waktu debat cagub aja dia bilng mau bngun rumh dp 0% untuk masyarakat yng mempunyai gaji di bawa UMR...nah ktikan udah bkin mlah masyarakat yng gajinya di atas UMR aja yng bisa rasain yng di bawah UMR mana ad .....trus pas di tnya emng itu sngaja di bngun untuk masyarakat yng gajinya di atas UMR ....lah ...... perbincangan waktu debat cagub beda dan waktu di tnya pas udah jdi gubernur beda lagi........üòÇ Trus mau so an mau urus menhan .......trus satu lagi pak ini debat capres di mna debat untuk mempertanyakan ke depan nya soal prthanan jika anda jdi presiden bukan debat calon menhan .....Pak Prabowo jdi menhan aja udah bkin rangking TNI kita naik di seluruh dunia jdi urutan ke 12 apa lagi klu pak Prabowo jdi presiden.......trus bapa blng kan klu bpa jdi menhan bpa akan mensejahterakan TNI yaudah BP gak usah ikut capres tunggu pa Prabowo jdi presiden lah BPK di angkat dah jdi menhan gak prlu cape"" pak ikut debat capres klu bpa mau jdi menhan ü§£",pendukung_anis
Prabowo Prabowo,pendukung_prabowo
"Harus Nya prabowo tuh udah peng siun
 Ngomong nya udah  marah2 aja cepet kesinggung lebih baik serahkan sama yg muda yg masih kuat untuk menjalan pemerintahan yg baik tegas jenius",pendukung_prabowo
"PRABOW0
PRABOWO
PRABOWO",pendukung_prabowo
di Lampung pupuk pertanian juga susah pak Prabowo..moga bisa di himbau,pendukung_prabowo
"1 . Pak anis.. menyelesaikan mslah dngan solusi
2. Pak prabowo. Mnyelesaikan mslah dngan maslah
3. Pak ganjar. Mnyelesaikan masalah tanpa solusi",pendukung_anis
Semangat pak.prabowo kita siap mendukungmu,pendukung_prabowo
mending kaya prabowo apa adanya dari pada dua cucunguk nutup nutupi sipat aslinya tapi prabowo menang hahahahahahahahahahahahahahahahahahahahahahahahahah nangis dong luuuuuuu,pendukung_prabowo
"Pa prabowo sepertinya hanya berorasi, tpi real nya sangat meragukan, anies fifty fifty pemahamannya bagus tpi utk prakteknya hmmmm fifty fifty.",pendukung_anis
"Belum apa-apa Anies udh ngejatuhin  02 aja, hih",pendukung_anis
Emang pintar pa anis tapi  bisa balek fakta,pendukung_anis
"Bapak prabowo kalo jadi presiden pasti hevi,krna suka ngelucu,jadi g akan asa bosen sma bapk prabowo iniüòä",pendukung_prabowo
Ttp prabowo,pendukung_prabowo
Kemunafikan ada di dalam hati Prabowo,pendukung_prabowo
Pk Anis gk ada aura2nya dikitpunüòÇ,pendukung_anis
BP Prabowo  üëçüëçüëçüåπüåπüåπ,pendukung_prabowo
"Jangan lupa pak Ganjar supaya  harga BBM  tetap sama diseluruh Indonesia, dan  bersihkan Indonesia dari korupsi sampai ke tingkat Rt diseluruh Indonesia.",pendukung_ganjar
Slam bpk prabowoo.  Yg lainya. Blm mmpu. Semngat pak prabowoo.,pendukung_prabowo
"Pak anis pak anis,najwa sihab itu loh bukti anda baru menjabat,dulu g mna skrang g mna.",pendukung_anis
"Gak bosen liat debat capres pertama ini, terutama liat pak Prabowo seru bikin ceria tapi jelas arahnya untuk memajukan Indonesia , moderator debat pertama ini bagus professional serasi,look nya juga cantik&ganteng Valerina Daniel&ardhito Wijaya‚≠ê‚≠ê‚≠ê‚≠ê‚≠ê",pendukung_prabowo
Pa Anis Presiden 2024..Aminn YRB,pendukung_anis
"Pak Menhan.. sangat elegan üëçPrabowo dicerca dengan pertanyaan oleh dua orang pensiun gubernur yang pekerjaan mereka berdua banyak yang tidak tuntas,, dan banyak jalan jalan dan bicara banyak saja.. 
Mereka dua ini, Anis dan Ganjar menyerang Bung Prabowo dengan pengalaman setingkat Kepala Daerah. Lebih baik keduanya belajar lebih untuk jadi menteri saja..ya..
Bung Prabowo sangat senior..dan sabar.
Paling sangat layak jadi Presiden RI 2024.
üí™üí™Siap dukung Prabowoüí™üí™",pendukung_anis
Menit ke 51.55 mantap pak Prabowo...ceploss apa adanya..üòÖ,pendukung_prabowo
¬†@khusnurinur5275¬† aku tau pak ganjar,pendukung_ganjar
Pak Prabowo presiden 2024‚ù§,pendukung_prabowo
Semoga pak Ganjar Pranowo yang nomer satu Amin nyarobal alamin nyakalloh,pendukung_ganjar
"Udah deh menangkan prabowo aja, udah bosan dgn basa basi model 2 org itu",pendukung_prabowo
Pak prabowo yes pokoe maju pak bangsa ini butuh aksi bukan kalimat fijsi,pendukung_prabowo
"Pak Ganjar tolong kemiskinan di Jawa tengah di kurangi dulu..,saya berdomisili di Jawa tengah untuk cari makan saja susah..UMR nya juga masih sekecil itu.",pendukung_ganjar
prabowo di speech awal opening bilang indonesia msh aman.. padahal dulu dia bilang indonesia bisa bubar,pendukung_prabowo
Siapa yg menonton vidio ini setelah bapak prabowo terpilih‚ù§,pendukung_prabowo
ANIS NGMG DOANG GADA BUKTIüòÇüòÇ,pendukung_anis
Prabowo menang,pendukung_prabowo
"pak anis janji palsu doank,bau mulutnya ü§£ü§£ü§£",pendukung_anis
Ganjar juos nomor 1,pendukung_ganjar
all in prabowoo,pendukung_prabowo
Uang 80 triliun buat mengatasi polusi Jakarta engkau kemanakan Pak Anies?üòÖtapi nyatanya Jakarta masih jadi kota yang tertinggi polusinya didunia.lalu engkau menyalahkan itu salah dari tiupan angin?,pendukung_anis
no 3 yess...no 1 janji manis doank bukti nya nol,pendukung_anis
"Dari 3 calon presiden ini
Hanya pak anis
Yang good locking
Yang cerdas
Yang jujur
Yang tegas
Yang sopan
Yang sabar",pendukung_anis
aku suka kali pas prabowo bilang atau bahas soal anggaran 80T,pendukung_prabowo
"Betullll.omongnya manis,stlh jdi presiden zonküòÖüòÖüòÖüòÖüòÖüòÖüòÖüòÖ",pendukung_anis
Hidup bapak prabowo yang cerdas dan rendah hati,pendukung_prabowo
Anies adalah orang yang sangat pintar,pendukung_anis
"Waau betul kata anies,saya punya anak sering ngambil pulpen temen nya terus,nah gimna caranya saya mengubah anak saya menjadi lebih baik tergantung orang tua sebagai pimpinan kluarga di rumah,walau anak, tetap saya harus ubah",pendukung_anis
"Bismillah Pak Anies is the best 
Insya Allah Pasangan AMIN Mnjadi pilihan Allah Untuk mngubah Indonesia lebih baik Aamiin",pendukung_anis
Ganjar aja,pendukung_ganjar
"Prabowo - Tank
Ganjar - marksmen
Anis - mage
Dari tipe ini ya harus puas dengan menu type yg yang ada. Tapi kalo untuk berhadapan dengan negara asing rasanya butuh sosok assasin dan jungler, tidak bisa diremehkan karna kenyataannya ketahanan kita masih bergantung banyak pada negara lain, baik pangan, teknologi, sdm, alutsista, dan masih banyak ketergantungan negara indonesia kepada negara lain. Jadi jangan hanya fokus pada rakyat kecil, justru rakyat besar itu yang banyak menimbulkan masalah di negara ini. jujur karakter opsi pilpres masa ini tidak cukup untuk masalah yg ada. Tapi ya inilah demokrasi.. yg penting tetap jalan bersama indonesia kita .....‚ù§",pendukung_anis
Bpk Prabowo is the best‚Ä¶!‚Ä¶‚ù§,pendukung_prabowo
Ganjarrrrrrr‚ù§‚ù§,pendukung_ganjar
¬†@Alin_Mayda¬† banyak bicara tanpa bukti tanpa tindakan buat apa?? dek dek blajar dlu  dari masalalu pas anis sama pak ahok gimn ü§£,pendukung_anis
PAK GANJAR JADI MENTRI PERTAHANANHAM DAN HUKUM ANIS.,pendukung_anis
"Dari tahun sebelum nya tetap pak prabowo... 
Bismillah...",pendukung_prabowo
Pak anis cmn pintar bicara sj urus jakarta sj tidsk beres,pendukung_anis
Prabowo semoga jadi presiden,pendukung_prabowo
Selamat pak prabowo gemoyyy‚ù§,pendukung_prabowo
"Anis keliat paling cerdas tp knp si nyindir trs, ga syuka dek ekye hihiiüòÖüòÖüôèüôè",pendukung_anis
ini saya bicara itu saya bicara jelaskan kerjanya cuma bicara...dgrkan dgn jls klo anis ngomng,pendukung_anis
"¬†@sisiiii7¬† 
Joged nga salah bro
Tapi kalo bisa dialong ngapain joged kwkwkww

Prabowo joged karena nga bisa dialong
Takut di tanya orang
Takut nga bisa jawab",pendukung_prabowo
Orang yg paham dan ngerti pasti pk Prabowo lh yg tegas,pendukung_prabowo
Siap prabowo mju trus sht sllu amiin,pendukung_prabowo
Prabowo dan pak ganjar utk putaran ke 2,pendukung_prabowo
Pak Prabowo humoris jg bs memecahkan suasana tegang,pendukung_prabowo
Prabowo sedikit kata tp kreja nyata Anis bayk  mencela faktanya kerja. Nolll besarrr,pendukung_anis
"Prabowo mau negakkan hukum, wakil anda saja sudah melanggar hukum dari awal, mau bilang netral emang gak sadar apa anda dari awal sampai ahkhir penhitungan suara, lucu lucu",pendukung_prabowo
"Parah""""Prabowo menyerang pribadi Anis Baswedan""""",pendukung_anis
Pak Prabowo mantap top3 cara menjawab dr angka 1 dan pak Ganjar adem dan sejuk cara menjawab,pendukung_prabowo
Bapak Prabowo insyaallah presiden 2024 amin,pendukung_prabowo
"Ah PK Anis seukarang ngmg begitu nnt mah antek"" bpk lain lg",pendukung_anis
"Aq yakin byk yg pilih mas gibran‚ù§‚ù§‚ù§‚ù§‚ù§‚ù§‚ù§‚ù§‚ù§‚ù§pokok e pak prabowoo oyessss,bolone jokowi",pendukung_prabowo
Anies Baswedanüéâüéâ,pendukung_anis
Anis Smart,pendukung_anis
benar sekali bapak prabowo,pendukung_prabowo
Orang pintar pilih Anis Baswedan dari sini kita paham kalo pak Anis murni berjalan sendirian,pendukung_anis
"Manis ucapan diawal ,namanya aja mau menjabat wkwk..setelah terpilih lihatlah nanti akan pahit di akhir ..siapapun pemimpin nya gak kerja keras gk makan",pendukung_anis
Betul  kata pk prabowo  ...mntap,pendukung_prabowo
"ANIES anies malaikat jibril dibawa bawa kampanye,sudalah anies jng bawa bawa agama,Agama ente saja blm tentu bener,bisa apa ente,bisanya utk bayar hutang ya pada yusuf kalla,kan baru bayar 300m itu juga uang dpt dari mana,msh kurang lagi 400 m ke yusuf kalla.",pendukung_anis
Prabowo enggak rela mati dia,pendukung_prabowo
Mntap pa anisss,pendukung_anis
Pak Prabowo itu hanya pokus liat petani dan nelayan tpi gk pukus kepada masyarakat yg betul2  membutuhkan seperti gagasan pak Anies jompo itu harus di sorot  dan anak anak sekolah yg TDK mampu dari ekonomi yg lemah saya salut sama pak Anies,pendukung_anis
Pak anies sangat bijak dan tegas..bismillah anies presiden  RI 2024,pendukung_anis
"Semoga pak Anies jadi presiden ri yang amanah, ü§≤aminn",pendukung_anis
PRABOWO...... TUHAN BERKATI...,pendukung_prabowo
Anis baswedan sip,pendukung_anis
"orang indo harus bisa baca karakter asli anies, dia itu licik, pinter ngomong tapi hasil  kerja nol. dan menghalalkan segala cara, contoh waktu dia main politik agama dulu",pendukung_anis
üí™üí™üí™üí™üí™üí™üí™üí™üí™Prabowo gibran‚ù§‚ù§‚ù§,pendukung_prabowo
Keren Prabowo emang jossss,pendukung_prabowo
Suara nya pak prabowo di mikrofon sudah jelas suara pemimpin,pendukung_prabowo
"Prabowo otak nangga busuk
Gak punya jwbn yg bnr krna takutnya jujur pelanggaran HAM yg di ia lakukan slma jdi intelejen negara",pendukung_prabowo
Tadinya g mau milih setelah nonton ini hati terpanggil untuk dukung bp prabowo. Sehat selalu pak,pendukung_prabowo
Buktinya ganjar anis kmu kalah pilpres,pendukung_anis
Bau2nya sih Bpk prabowoüòÇ,pendukung_prabowo
"Alahhhh emang demokrasi nya hancur, bapak anis kepilih bukan karena kepempimpinan jokowi atau dukungan prabowo..tapi seijin Allah dengan jalan umat muslim memilih. 

Emang fase 4 seperti kata Rosulullah adalah zaman sekarang dan Alhamdulillah akan berubah ke fase 5,fase islam lagi memimpin dunia",pendukung_anis
Prabowo. President.,pendukung_prabowo
Hanya.  Ada 2.  Calon.  Yg.  Pntas.  Jdi.  Presiden.   Antara.  Mas.  Ganjar.   Dn.  Pk prabowo.   Pilih salah satunya.   Dua 2 nya.   Panggah. Oke.    üëçüèªüëçüèªüëçüèªüëçüèªüëçüèª,pendukung_prabowo
No 1 lebi unggul bisa menjawab pertanyan pertanyaan dari periseden lain nya betul kata pak anies yang di pedulikan rekyat dulu bukan pembagunan besar pak anies emang dukung paking debes‚ù§üëçüëçüëç,pendukung_anis
"Anis terllu Teoritis, saya ragu untuk prakteknya sepertinya belum tentu bisa. Klpun jadi presiden pinter omongnya tpi realisasi tidak yakin",pendukung_anis
Paling pesat hancur nya ya pak Prabowo,pendukung_prabowo
Insaallah pak prabowo presiden RI  2024-2029 Aamiiin,pendukung_prabowo
Tetap pak anisss,pendukung_anis
"Anis Baswedan : merasa paling pintar dengan gagasan
Prabowo Subianto : sangat berpikir dalam berucap
Ganjar Pranowo : bersikap bijak agar terlihat baik",pendukung_anis
Rasain luh Prabowo kena ulti.. jadi ayam sayur ü§£ü§£,pendukung_prabowo
"Hanya Pak Jokowi yg bisa menghadapi Bu Mega, walau sebagai anggota partai. Tapi saya belum yakin kalau Pak Anis ke Pak Paloh dan Pak Ganjar ke Bu Mega bisa menghadapi atasan partainya seperti PakJokowi. Just saying. Let's we think about it.",pendukung_anis
Semoga pak anies menjadi presiden 2024 Aamiin,pendukung_anis
Tah Anis dengerin coy,pendukung_anis
Prabowo Pembunuh Aktifis 1997-1998,pendukung_prabowo
Maju trus pak ‚úäjangan pernah takut untuk menyuarakan kebenaran lwn si anus itu bersama dgn si ganjar yg sombong angkuh di dlm berbicara  pak prabowo kami d belakangmu lwn mereka pak tegakkan keadilan hancurkan kezholiman,pendukung_prabowo
"Pak Prabowo itu kalo ngomong tidak pernah mara-mara,itu karna beliau dari kemiliteran/kopasus,harap dimengerti yaaa",pendukung_prabowo
Anis raja ngomong,pendukung_anis
"01:02:03 Pak Prabowo :""Mas Ganjar, kita th lah...""
Pak Anies (naikan alis) ü§î",pendukung_anis
Aminn mas pak prabowo gibran,pendukung_prabowo
Sejujur nya gini ya saya dukung 02 karna bpak prabowo aja ..bukan karna gibran..jujur ya itu gibran ga masuk dalam tipe saya secara politik apalgi mengurus indonesia seharusnya pasangan prabowo ini yg pas itu bpa anis ..cuman ini politik jdi pasangan masing2 agak ngawur ....,pendukung_anis
Betul karna banyak bilang pak anies banyak ngomong doang,pendukung_anis
Pak anis cuma pinter ngomong aja...lamis..,pendukung_anis
"ITU PAK ANIS GAK MAlU APA
MENCALONKAN DIRI
PAS JADI GUBERNUR PERNAH DI DEMO TRUS GIMANA KLO 
NNTI JADI PERSIDEN GIMANAüòÇ",pendukung_anis
"Pak Anies memang cerdas sangat bagus dalam hal public speaking, saya paham apa disampaikan program nya dan harapan Nya.. tapi sayang.. menurut penilaian ku hatinya penuh dengan dendam dari awal bicara udah nyerang terus.. kalao mau jadi pemimpin, selesai lah dengan diri sendiri dulu.. pak Ganjar selalu berhati hati bicara, tapi sy paham program yang disampaikan, disayangkan juga partainya yg dianggap di blacklist tapi tdk apa apa.. semua partai juga punya catatan Hitam nya.. Pak Prabowo seperti bapak saya tipikal tidak tau bicara, terlihat tidak tenang dan emosian tapi hatinya penyayang dan apa adanya.. gak nyimpan bangkai di hati.. maaf ini penilaian pribadi..",pendukung_anis
Duh knp sih harus waktu sedikit .. sampe gemes tu idolaku prabowo üòÖüòÖüéâ. Pengen jawab yg detil banget cuma waktunya sedikit banget,pendukung_prabowo
"Apakah benar yg di katakan pak Prabowo. EKONOMI DI INDONESIA MASIH AMAN. üòÆ
Inilah cawapres yg tidurnya dr pagi bangun pagi lagi..tdk tau keadaan masyarakat..",pendukung_prabowo
Amin bapak menang pemilu ini Prabowo menang pemilu kali ini aku pilih sama Prabowo kalinya enggak usah beli Prabowo pilih Anies aja aku pilih Prabowo Prabowo menang Prabowo menang Prabowo Prabowo menang,pendukung_anis
Pak Anies saya perhatikan kaya pembawa acara berita cocoknya. Maaf klu saya lihat klu bicara,pendukung_anis
Prabowooo‚ù§,pendukung_prabowo
SUDAHLAH ANIS AJA PISI MISI SUDAH CUKUP..,pendukung_anis
Anis gak ada obat,pendukung_anis
"Pak Ganjar tolong kemiskinan di Jawa tengah di kurangi dulu..,saya berdomisili di Jawa tengah untuk cari makan saja susah..UMR nya juga masih sekecil itu.",pendukung_ganjar
Pintar ngomong doang tapi tdk mengerti omongn nya sendiri ..semoga PK Prabowo JD presiden .....Indonesia....PK Anis bisanya pitnah doang...,pendukung_anis
Krn janji manis enak di dengar sulit di buktikan,pendukung_anis
PAK PRABOWO  JAUH DARI KORUPSI.üòä,pendukung_prabowo
"Apapun hasil Debat tsbt, tetap tidak mempengaruhi pikiran rakyat, krn calon pemimpin di nilai, BUKAN dari hasil debat,bukan dari pintar bicara, namun bgmn memimpin negara yg akan mmbuat rakyat bahagia dan sejahtera.  Hny Bpk Prabowo Subianto yg bisa menjadikan kedaulatan rakyat Indonesia dan kemakmuran rakyat Indonesia di masa yg akan datang.untuk itu mari kita berkaca diri, JANGAN percaya dari ucapan dan ungkapan saja, tapi bukti fakta dan nyatanya.kita tidak butuh pemimpin yg pandai bicara,namun kita butuh pemimpin yg PEMBERANI dan bisa mengayomi rakyat,menjaga kedaulatan Bangsa dan Negara, krn kita bituh PEMIMPIN dari Purnawirawan TNI bukan dr SIPIL,yg selalu Tegas dlm memimpin Bangsa. Untuk itu ayo seluruh rakyat Indonesia besok 14 februari 2024, COBLOS NO.2 ,calon Pemimpin yg Tegas dan Pemberani. PRABOWO SUBIANTO & GIBRAN RAKABUMING RAKA, duet sejati TUA & MUDA Milenial.SUKSES SELAMANYA.    2 TOP MATKOTOP",pendukung_prabowo
Prabowo  yees‚ù§‚ù§‚ù§,pendukung_prabowo
Semoga alloh swt meridhoi bpk Anis Baswedan jdi president Indonesia amin,pendukung_anis
Semangat pak Anies semoga terlantik di THN ini,pendukung_anis
Ganjar cerita ap adu argumen,pendukung_ganjar
Jaya slalu untuk pak Prabowo,pendukung_prabowo
Saya lebih percaya ganjar,pendukung_ganjar
Terpesona aku lihat Pak Anies ini berbicara,pendukung_anis
Hidup aniss,pendukung_anis
"P anis memang cerdas, jawabannya slu lgsung ke poinnya sesuai pertanyaannya, dan slu TEPAT WAKTU yg sdh di tentukan.‚ù§‚ù§‚ù§‚ù§‚ù§",pendukung_anis
Maju pak Anies Baswedan saya dukung,pendukung_anis
Saya dukung Pak Anies merdeka,pendukung_anis
"anies emang jago ngomong, tp kerja nya masih diragukan",pendukung_anis
Pak anis jago nanget ngomongnya ya,pendukung_anis
Visi misi ganjar malah cerita,pendukung_ganjar
"Pak anis baswedan ????

1. Apa yang di katakan oleh pa prabwo benar

2. Dengan beralasan pak anss dia mengejar demi "" KEHIDUOAN DUNIA "" 

3. Ia meraih samoai ia dapatkan lebuh dari kepunyaan.

4. Itulah pam gantajr mundur demi kemuliaaan selama lamanya untuk jadi kebyataan benar üåπüåπüåπüåπüåπüåπüåπüåπ",pendukung_anis
Apapun yg terbaik utk memimpin RI sebenarnya hanya Bpk Prof Dr Anes Rasyid Baswedan dan yg terburuk adalah Prabowoh.,pendukung_prabowo
"Yg dukung rohingya jangan di 
Pilih pemrintah manghina 
Rakyat Indonesia menghina
Rakyat Indonesia peluk ruhingya  dobol.tai anjing 
Baswidan  baswidan
Berani 2 bagi pulo  orang asing

Akang perang sodara  matimatian mandi darah 

Baswidan mulut manis
Gubenur Jakarta pin ga becus
Sungai Dan banjir tetap 
Jakarta kotor  mulut manis",pendukung_anis
"Bismillah. 

Maaf Pada Prabowo Bicaranya Pake Emosi Dan Kesannya ga Pake Attitude
Seperti Pelawak

Pa Ganjar Masih Santun
Pa Anis Masyallah Tegas Wibawa dan Sopan.. 


Siapapun Pemenangnya Rakyat Hanya Ingin Presiden yg Amang Jujur Dan Adil.. 

Agar Kami Rakyat Bisa Maslahat Dunia Akhirat üôèüôè",pendukung_anis
"Rasanya papua akan lepas klo anis berkuasa, yakin gw",pendukung_anis
prabowo menang,pendukung_prabowo
Pak Prabowo bismillah pak,pendukung_prabowo
Yang ditanyakan pleh bapak prabowo Kemana anggaran 80T nya pak aniiiiesss malah nyalahin angiinnnnn hahahaa,pendukung_prabowo
Mantap pak prabowo üòÇüòÇ,pendukung_prabowo
YA ALLAH AKU MEMILIH BAPAK PRABOWO PRESIDEN RI,pendukung_prabowo
Kita angkaaat mahfud untuk menuntaskan pelanggaran ham 65. Itu tujuan utama kita. Hidup ganjar hidup mahfud.,pendukung_ganjar
"Anis ini ngomong retorika, pintar bicara..manis""...bahasa terlalu tinggi.. ngomong...putar""..pusing..dengar omongan retorikanya",pendukung_anis
All in prabowo,pendukung_prabowo
wow anis pintar ngmong ya tpi kerja nol mw ketawa tpi takut dosa,pendukung_anis
"Wkwk emang KAGA JELAS LO GANJAR NONTON BOKEP AJE SONO BANYAKIN,KASUS KM50 SM KANJURUHAN DIBILANG ISU TOLOL!!! LU GAPANTES DH JD PRESIDEN GA RISPEK 2 KASUS TRAGEDI BENER2 TERJADI FAKTA MALAH DIBILANG ISU! 2 DAN 3 KURANG PANTES JD PRESIDEN WAWASAN  CETEK REKAM JEJAK KURANG LIHAT  PAK ANIES AURA  PEMIMPIN ADA ,REKAM JEJAK BAGUS SEMUA YG JELEK GRGR DIFITNAH AJA ,DAN INTINYA WAWASAN LUAN DAN CERDAS MANTAP UDAH NO 1 GADA 2NYE APELAGI 3 #ANIESPRESIDEN2024 #ANIESAURAPEMIMPININDONESIA #ANIESPASTIJDPRESIDENKALOTIDAKDICURANGI!",pendukung_anis
‚Äã¬†@trinadiaa¬†itu katanya bukan fakta nya saya anak rantau yg tinggal di DKI Jakarta banyak rakyat DKI mengakui kinerja Anis sebagai gubernur perlu di apresiasi,pendukung_anis
Pak ganjar bagus tapi jiwa presiden pak anies,pendukung_anis
"Anis, cuma omong besar aja, bukti zonküòÖ",pendukung_anis
Pilih 3Ganjar Pramowoh,pendukung_ganjar
Pak prabowo mantap..üëç,pendukung_prabowo
NTB berharap pak Prabowo yg menang di pilpres ini,pendukung_prabowo
Anis the next ketua RT,pendukung_anis
Kalau p prabowo bagus ....ihlas  bismillah smoga p brabowo yg menang menjadi persiden indonesia.... Ya Allah smoga di kabulkn permintaan hamba Amiiin,pendukung_prabowo
"Saya lebih condong sma pak prabowo..soalx dy org cukup berpengalaman,tegas,disiplin,dn dy seorang mantan tentara sngat cocok jadi presiden.",pendukung_prabowo
Baru debat jadi presiden si anis wesedan sundah nyenggol capres lain le le,pendukung_anis
"Salut anis..üëç.
Dulu orang2 menertawakan anis memberi usulan dp 0% rumah untuk orang jakarta khusus kelas nenengah k bawah.dan sekarang terealisasikan banyak pembangunan rumah subsidi dp 0%.terkhususnya d bekasi dan banyak orang jakarta ngambil rumah d sini.
Walau pun pembangunannya bukan d jakarta,mungkin karna lahan yg sudah menyempit.namun banyak orang jakarta dan orang luar jakata yg bisa ngambil rumah.
Semoga seluruh indonesia terealisasikan.

Klo ada yg bilang dp rumah 0% itu ga mungkin,berarti orang dia bodoh.yg tak tahu kabar.dan tdk pernah cek.",pendukung_anis
Masalah hanya bisa diselesaikan oleh mereka yang memahami dengan baik masalah tersebut. Maka hanya  Anies Rasyid Baswedan-lah satu-satunya presiden Indonesia yang bisa membawa Indonesia menuju masa Kejayaan üëç,pendukung_anis
Dari awal sudah benci banget om ini sama Abah Anies...,pendukung_anis
"ga ngerti apa yg disampaikan Anis , yg saya tahu bliau hanya merusak dari petinggi sebelumnya , bukannya dijaga diperbaiki malah beli papan tulis ,",pendukung_anis
"Pak Prabowo Subianto hormat sedangkan Anies Baswedan tidak disini,kita bisa melihat sapa yang cocok untuk jadi presiden",pendukung_anis
prabowo menang,pendukung_prabowo
"Kao bilang prabowoau mberantas korupsi tp kamu prabowo blm jadi aja dsh  bayak korupsi  üòÇüòÇüòÇ
prabowo omon  omon janji palsuüòÇ",pendukung_prabowo
Saya tetap konsisten dg P Anies,pendukung_anis
"Prabowo
Pls yg sopan kpd smua candidate. Bp
Annis itu Bukan Anak kecil , panggil lbp Anis dgn gentleman,  berdebat lah dgn beliau secara profesional .",pendukung_anis
"Rasanya negri ini akan dipersulit klo anis berkuasa, yakin gw",pendukung_anis
"Pak Anis is the best.

Salam dari Timor Lesteüáπüá±",pendukung_anis
"Pak Prabowo kami Satria Mida Indonesia, . Siap Mendukung Bapa. Allohu Akbar....",pendukung_prabowo
Do'a kami untuk pak Prabowo,pendukung_prabowo
Jawaban pak Anies cerdas,pendukung_anis
Aku prnah dengar satu hadis nabi yg d riwayatkan   bunyi hadist itu(janganlah memberikan jabatan kepada org yg mnginginkan nya) dlm hal ini mnurutku pak prabowo sangat bernafsu dari dulu mngingin kan jabatan  makanya klu debat kbawa emosi kyk gk tnang gitu,pendukung_prabowo
Pendukung pak aji Prabowo mantap,pendukung_prabowo
Kasian pak ganjar,pendukung_ganjar
Assalamualaikum abah anies yang kami hormati kami cintai  semoga sehat selalu  orang baik ya tetap orang baik,pendukung_anis
"Pak Anis is the best InsyaaAllah no 1 menang 1 putaran, masyarakat adil makmur n sejahtera akan terwujud ü§≤ üëç",pendukung_anis
Smga saja BPK prabowo.dan mas gibran‚ù§‚ù§‚ù§‚ù§,pendukung_prabowo
"¬†@ceceptopik326¬† selama ini aku pendukung Prabowo tapi kali ini ogah,,,selama ini aku pikir Prabowo orang baik,,,ternyata penghianat,,,,kalau ulama aja dia berani hianati apalagi kita rakyat jelata ini.",pendukung_prabowo
Semoga.bpk.prabowo.pmenangx.cap.res..Sya.m.jabar.dn.istri.namax.Ayu.suryani.D.NTB.Nusa.tenggara.Barat.,pendukung_prabowo
Yang dukung pak Prabowo siapa tunjuk tangan,pendukung_prabowo
"Pak Ganjar tolong kemiskinan di Jawa tengah di kurangi dulu..,saya berdomisili di Jawa tengah untuk cari makan saja susah..UMR nya juga masih sekecil itu.",pendukung_ganjar
Ngemeng anies jagoüòÇ,pendukung_anis
Kami orang papua tetap pilih Bpk ganjar p,pendukung_ganjar
Semoga mennang pak Ganjar ‚ù§,pendukung_ganjar
Betul Pa Anies mantap,pendukung_anis
Hidup prabowo,pendukung_prabowo
"ANIS DANGAT PANDAI SEGALANYA MAKA KLO ADA ANGGARAN,PASTI BAYARNYA KELEBIHAN ,ANIS MAKANYA,,PANTASNYA JDI CLO PELABUAN AJA KKKKKKK",pendukung_anis
Sukses  prabowo gibran   selalu aamiin,pendukung_prabowo
"Anis klu ngomong sangat pintar
Jgnlah sampai anis jdi presiden 2024.",pendukung_anis
Mantap pak anis,pendukung_anis
Seolah olah Prabowo TDK punya bahan sma sekliüòÖüòÖüòÖ,pendukung_prabowo
HIDUP PRABOWO SUBIANTO‚ù§‚ù§‚ù§,pendukung_prabowo
"Kesalahan Pak prabowo adalah.. pak prabowo pernah mengejek pak anies saat debat capres pertama,dengan menjulurkan lidahnya.. kamu bangga dengan sikap itu??",pendukung_anis
"Ganteng pak Anis, Rapi bange",pendukung_anis
PRABOWO CUMAN GEDABRUUUUS,pendukung_prabowo
tetap pak ganjar yg paling hebattt...,pendukung_ganjar
Pak Ganjar slalu senyum dgn santai dan tenangüëç,pendukung_ganjar
Pak Anis cerdas dalam mnjawab semua pertanyaan,pendukung_anis
Pk Anis capres paling cerdas adil,pendukung_anis
Best banget pak ANIES..,pendukung_anis
Pak Anis dihati rakyat.,pendukung_anis
"Bpk Prabowo jgn keu pancing emosi ,seruruh dunia pasti bpk yg persiden",pendukung_prabowo
Ganjar prowono,pendukung_ganjar
"Pak Ganjar tolong kemiskinan di Jawa tengah di kurangi dulu..,saya berdomisili di Jawa tengah untuk cari makan saja susah..UMR nya juga masih sekecil itu.",pendukung_ganjar
Pak anis menang lebih baik ke depan nya jadi pemimpin Indonesia aminüôè,pendukung_anis
ingat apa yg sudah Alm. Gusdur katakan bahwa hanya PRABOWO yg ikhlas untuk Indonesia,pendukung_prabowo
prabowo menang hahahahahahahahahaha nangis luuuuuu,pendukung_prabowo
"Pak prabowo ini samat pintar ngeles, kiat bicara tentang angin dulu maksut dan omongan pak anis itu jika tida adak angin mungkin polusi tidak akan menyebar kemana mana, dan jika angin punya ktp otomatis dia akan bergerak mengiluti aturan layknya rakyat itu maksut dan tujauan wowo wowo. Salam akal sehat buat wowo dan para pemujamuüòÇüòÇ",pendukung_anis
InshaAllah pak Anies menang.. AMINN,pendukung_anis
ANISüòÇPENGARANG KATA JKATA....KERJA NOL..........MENDING JADII  CUBIR PRESIDEN SAJA ANIS,pendukung_anis
"dr debat ini, knp rasanya sgt srek klo pk anis jd mentri pendidikan lagi yaküòÇüòÇüòÇ",pendukung_anis
"pemimpin bukti ya prabowo
yang lain ngomong doank bulsuttt",pendukung_prabowo
"üòÇüòÇüòÇüòÇmau 1 putaran bagaimana dgan angin ga punya KTP?üòÇüòÇüòÇüòÇüòÇ
org dgan cara berbicara seperti si Anis ini bisa memenangkan pemilihan presiden dgan 1 putaran?üòÇüòÇüòÇüòÇmendingan  si Anis JD ketua RT d kompleksmu broüòÇüòÇüòÇüòÇüòÇ",pendukung_anis
"prabowo yg sekarang sudah jauh berbeda, sudut pandang dari dalam pemerintahan lebih paham permasalahan",pendukung_prabowo
Sebenarny saya bukan pihak siapa2 . Kl bagusny jadi peresiden lebi bagus bapa anies cerdas dia . Tapi krn ikut anak pak jokoi .wakil parabouo .kurasa jadi menang nnt  parabouo .krn banyak dukung pak jokoi .,pendukung_anis
Serang terus anis... Semakin anda menyerang anies malah semakin terlihat bodoh diri anda,pendukung_anis
Prabowo pasti menang,pendukung_prabowo
ANIS juga aku gk ush PAMILO,pendukung_anis
"Anissssss, mana janji mu rumah DP 0% buat rakyat miskin,  mulut mu terlalu maniszsssssss",pendukung_anis
‚ù§ Prabowo Subianto presiden ku,pendukung_prabowo
Is the best smart evisien pak Anis  dari cara tutur kata yg sangat berwibawa mudah di fahami dan tepat waktu dalam menyampaikan. Sangat layak masuk nominasi calon RI 1 . Dan yang terpenting ketenangan dalam beradu argumen .‚ù§ Good lucküëç,pendukung_anis
"‚Äã¬†@royaayuni¬†kamu mau bilang soal orang"" yang tes angkatan tpi gagal krna saingan nya pake orang dalam.....jaman nya Pak Prabowo jdi menhan peraturan dlm TNI  maupun polisi sistem orang dlm itu sdh di hapus......mknya bnyk"" dengr berita mbak",pendukung_prabowo
"Gak ada solusi dari pak ganjar ini : cuman bilang saya akan bereskan terus,,, hemhh capekk",pendukung_ganjar
Aq takut pak prabowo kena struk...,pendukung_prabowo
üòáüòáprabowo aku hindu hhh semua keluarga ku pilih kamu karna amanah joko wi di kamuüòáü•∞,pendukung_prabowo
dsini....yangvunggul prabowo....dan pak ganjarrrrr.........,pendukung_prabowo
MasyaAllah suka banget sama semua  jawaban pak Anis ü•∫ü•∫the bestüíöüíöüíöüíö,pendukung_anis
"Omongan pak Anis abu abu, tidak semudah yg anda bicarakan, tetap Paslon 2 dan 3 üí™üí™",pendukung_anis
Sy tetap pilih pk anis saja nomor satu,pendukung_anis
Emg pinter ngomong klo anisüòÇ,pendukung_anis
"Anis mantep sih , prabowo tulus tapi gk ada solusi ke depan , ganjar masih sama kek presiden"" sebelumnya ( itu"" aja ) ....


Klo gk ANIES , Prabowo sih gw bingung üòå",pendukung_anis
Ganjar Pranowo the best,pendukung_ganjar
"pak anies ini ngomongnya paling pinter, tapi biasa.nya yg bisa eksekusi justru yg ngomongnya paling belibet, tau kan",pendukung_anis
ganjar gk pya otak kali ya mimpin wilayah sndiri aja gk bcus mau mimpin smua wilayah wkwkwk,pendukung_ganjar
"Anis klo di suruh ngomong jagonya,coba laksanakan yg telah di di sampaikan tdk ada satu pun yg terealisasi,sdh ada pengalamannya.",pendukung_anis
"Ini real penilaian adu gagasan dri semua kandidat tadi malam :

1. Yang paling memahami isi materi dan paling menguasai panggung saya rasa untuk saat ini cuma pak Anies..

2. Prabowo masih belum mampu mengontrol emosi... mengunakan penyerangan personal bukan berdasar pada kebijakan/kinerja kandidat.. cara ngomongnya masih terlalu dasar/awam sehingga terdengar kurang berkualitas sebagai seorang elit politik..

3. Ganjar terkesan kaku dan masih terlihat bingung dalam mengunakan kosa kata, sehingga terkesan cara komunikasinya seolah memaksakan agar terlihat cerdas.. 
Namun overall masih bisa di pahami.",pendukung_anis
"Pak Anis pimpin ibu kota Jakarta ga pecus apa lagi mau  pimpin negara, mau jdi ap negara RI",pendukung_anis
Pa anis aja,pendukung_anis
"‚Äã¬†@Alin_Mayda¬†apa salahnya dalam berjoget?? slaah klo mengukapkan kebahagian? hidup luh aja kali yang trlalu menyedihkan, trs gak bisa nyari2 kesalahan dri bapak prabowo makanya nyari kesalahanya dlm berjoget üòÇüòÇ",pendukung_prabowo
"kepada pak ganjar:
sayangnya apabila yang memimpin masih tetap PDIP  semua kesenjangan itu tidak berhenti tapi malah berlanjut seperti yang telah terjadi pada masa 2periode terakhir",pendukung_ganjar
sok bangga anis baweldah gubernur pertama yg memberikan  perizinan cuaaaxx,pendukung_anis
"üòÇüòÇüòÇ

Keq kenal deket aje loe bisa nilai org hnya berdaaran asumsi,kecuali loe dukun,baru org percaya penilaian loe...sejak jd gubernur anis slalu di fitnah,di ejek,ga ada yg di laporin,tp loe nilai sbg org ekspresif....
Loe nilai cma dr hsil nonton konten2 yg di buat buzzer pembenci anis,mkanya loe sotoy",pendukung_anis
"Ah bisa aeehhh mas nganis ..seolah olah paling akademis padahal dia yg abu abu nah mengelola anggaran DKI 8 triliun aja ga mampu memonitor malah beretorika nyalahin angin nyalahin polusi dia anggap rakyat indonesia selama ini bodoh apa ga perhatiin rekam jejak saat beliau menjabat, jadi gubernur  aja ga mampu tegas mengngontrol anggaran 8 triliun malah nyalahin sistem terus gunanya jabatan gubernur apa ..jaman ahok aja bisa tegas saat rapat anggaran, asal ada kemauan ini kemauan ga ada ketegasan kaga ada tapi ga mo di salahin",pendukung_anis
Pak anis  semoga duduk,pendukung_anis
Nonton ini lagi buat mastiin kalau jawaban bpk anies jelas dan berdasarkan fakta data. Dan ternyata benarr ‚ù§‚ù§,pendukung_anis
Di PAPUA Prabowo munafik,pendukung_prabowo
Debat  ini  masih biasa2 aj...yg Lluar biasa itu Anies Baswedan.. PPRABOWO =üò¢üò¢üò¢..??,pendukung_anis
Andai aj gibran ama anies udah komplit sama sama jenius,pendukung_anis
Tipu pa prabowo,pendukung_prabowo
"bapa prabowo tlngin saya pa ,,saya mohon bapa yg bs tlngin saya paüò≠üò≠üò≠üò≠üò≠üò≠pa smg bp mslaikat plnlng saya pa.",pendukung_prabowo
Perasaan pak Anis agama keresten atau Islam dr komntarnya sllu gereja trus gak prna agama Islam jd kesimpulan Anis ada lah agama komonis wajar klau dia sllu sbut agama keristen trus,pendukung_anis
#PakAniesPresidenRi‚ù§,pendukung_anis
Dan akhirnya Anisa Nyungsep tak seseuai yank anda ucapkann..anis itu kacang Lupa kulitnya..klo gak percaya bukak saja datanya üòÖüòÖüòÖ ..,pendukung_anis
"Kata Prabowo kalau rakyat tidak memilih dia gk apa2,Prabowo TDK tkut klw TDK ad jabatan,yaiyalah rakyat TDK memilih, ada Jokowi dekeng nya yg memilih,anak Jokowi aja udh ada di samping nyaüòÇ",pendukung_prabowo
Saya lebih percya sma bpk prabowo yg siap memberantas para korupsi karna klo tidak ada korupsi indonesia bisa maju hidup bpk prabowo,pendukung_prabowo
Prabowo bukan untuk berdebat tapi untuk memimpin,pendukung_prabowo
Semoga pa Anies presiden 2024 aminnn... Perubahan üëç,pendukung_anis
Bismillah.. Smga presiden Indonesia pak Prabowo & mas Gibran... melanjutkan kinerja pk presiden Jokowi..,pendukung_prabowo
Anies jd presiden 2024 .Bismillah,pendukung_anis
"KEPADA SELURYH RAKYAT INDONESIA KLO , KALIAN INGIN NKRI MENJADI NEGARA KOMUNIS SEKULER DAN MARXISME PILIHLAH PRESIDEN PRIODE 2024 ANTARA LAIN :
0 => PRABOWO SUBIYANTO SIPELANGGAR HAM DAN PEMBUNUH BERDARAH DINGIN
YANG MENHANATI IJMANPARA ULAMA SERTA ANTI ISLAM ( ISLAMO FOBIA )
02 => GANJAR PRANOWO YG HOBINYA NONTON FILM BOKEP ( FLM PORNO ) dan TERSANGKUT MASALAH KORUPSI E.KTP.
MEREKA BERDUA ADALAH MANUSIA ULAR BLUDAK YG BERUBAH MENJADI BUAYA BIADAB.
MERWKA MANUSIA TIDAK PUNYA MORAL DAN AKHLAK...
METEKA BERDUA DRUGALS BERBULU FMBA YG DILINDUBGI OLEH MANUSIA YG MENGAKU HABIB .UDTADZ DARI NU : YAITU HABIB 
LUTHFI YAHYA DAN GUS MIFTAH ( ULAMA RUPIAH ) DIBERI AMPLOP OLEH PRABOWO SUBIYANTO DAN GBRAN RAKABUMING RAJA LANGSUNG TERDIAM DAN MEREKA PARA BUSER iya PEMERINTAHAN DZOLIM YANG DIPIMPIN OLEH JOKOWIDODO.
SAMPAI PARA NU SEKULER YG DIPIMPIN OLEH GUS YAQUD BEROBAH SHOLAWAT NABI MUHAMMSD SAW  MENJADI SHOLAWAT
JKOWIDODO SIPTUKANG TIFU , SITUKANG PALSU IJAZAH KETURUNAN DARI GEMBONG PKI DIERA ORDE LAMA.",pendukung_prabowo
Insyaallah Pak ganjar lebih jelas lebih cerdas lebih baik yakin  dan  layak jadi presiden 2024 no 3 unggul menang Aamiin,pendukung_ganjar
Pak prabowo‚ù§‚ù§,pendukung_prabowo
Prabowo kyk bocah üòÇ.. Ngegimick mulu.. Ga bgt dah buat jadi president,pendukung_prabowo
Sebelum dan mau pilihan koar koar manis manis janjinya setelah terpilih apa  sak penak dewe   kui bukti jaman ne jokowi arep nyaman mbiyen,pendukung_anis
"Menurut analis saya Abang Prabowo itu cenderung dalam politik dan belio salah dalam memili pasangan belio berharap dengan menggandeng Gibran belio akan terpilih sebagai presiden tapi menurut hemat saya justru sebaliknya?"" Secara pribadi saya Klir dengan Abang Prabowo tapi belum tentu pada pasangannya jika abang Prabowo mengingat priode sebelumnya saat lawan Jokowi yg puluhan kualisi partai pendukung sedangkan Abang Prabowo Anya memiliki 4 kualisi partai pendukung saat itu aku mendukung belio sepenunya dan dipesan saya untuk belio saya berkata jangan takut dan gentar pada Jokowi yg memiliki puluhan kualisi partai pendukung sekalipun kita hanya 5 kualisi partai yakinlah saya akan hubungi seluru keluarga dari Sabang sampai Merauke untuk dukung Abang Prabowo karena rakyat punya hati rakyat punya jiwa dan rakyat punya mata rakyat tahu mana yg benar mana yg salah?"" disitu jika kita belajar dari pengalaman sebelumnya bahwa kemenangan' kita bukanlah karena mereka kemenangan' kita karena sebagian besar rakyat tak suka pada pemerintahan Jokowi pada priode awal jadi apa yg Abang Prabowo arapkan dari Gibran?""dan dipriode kedua itu saat Abang Prabowo lawan Jokowi sebenarnya Abang Prabowo menang 5 persen dipitung cepat diTVONE tapi kok setelah ada perundingan dari pihak pihak lawan Abang kok seluru siaran TV lain meyiarkan Jokowi menang 5 persen disitu saya sudah menilai kalau Prabowo dicurangi bahkan pengiriman kotak surat suara yg membuktikan kemenangan' Prabowo dijagal dan gudang penyimpanan kotak surat suara dibakar dan apakah kemenangan' terletak pada Gibran putra Jokowi dan untuk priode ini yg tadinya saya telah Klir sekarang kami kecewa dan kami jadi enggan untuk mendukung Abang TTD Damsik Jainudin Soekarno sud putra",pendukung_prabowo
Prabowo pasti menang,pendukung_prabowo
Saya nyakin dengan terpilihnya bapak prabowo indonesia bakalan maju..all in no 2 yg ga suka koar¬≤‚ù§bdw semangat abgku,pendukung_prabowo
"Sya sih yes untk pak prabowo, tapi wakilnya.., sorry yeee..",pendukung_prabowo
‚úåüèΩ 02 . Prabowo - Gibran..!!!üòç,pendukung_prabowo
"Apa sih untungnya dukung anis imin? Mrk bukan ingin membangun bangsa. Kl dirasakan, anis imin ini hanya ingin berkuasa. Titik. 

Dua"" punya rekam jejak mengerikan. Merebut kedudukan dgn biadab yg membelah bangsa bgt parah dan blm pulih. Ini yg rakyat tdk suka dan cara itu malah diulang di pilpres ini. 

Dikira rakyat tdk tahu, justru perpecahan ini sangat terasa di masyarakat. Kami sering menangis jika membicarakan hal ini. 

Silakan dipastikan, ex ISIS, FPI, HTI, hisbu tahrir, dll dukung siapa? Capres manakah yg raji ""sowan"" imam muncrat dan cium tangan dgn bgt taklimnya?",pendukung_anis
Kalo.Ayu.tetap.Dukung.Bpk.hj.Prabowo.dn.bpk.Ghibran.insa.Allah.Amin,pendukung_prabowo
Di youtube byak dkung prabowo d fb byak yng dukung pak anisss q tetep anis si,pendukung_anis
"Pak anis gampang sekali ya kalaw ngomong ini negara besar loh, ga semudah cangkemu.",pendukung_anis
Anis baswedan  dulu jadi moderator debat capres dan sekarang jadi kandidat capres,pendukung_anis
Bismillah pak Prabowo the next RI 1,pendukung_prabowo
Sampai kapapun saya ttp dukung p.prabowo gibran. Om.santy3 om,pendukung_prabowo
Apa nya yg masih aman pak prabowo? üòÖ,pendukung_prabowo
"Betul kata Prabowo apapun masalah bangsa ini meang perlu didiskusikan,walaupun tidak semudah kenyataannya üëç",pendukung_prabowo
"Prabowo kenapa ya bawa bawa nama jokowi terus,  
   Apa mau berlindung dan maju dibawah naungan jokowi,

    Pilpres kemaren gua berkoar2 dukung prabowo, tapi dikali ini sangat tidak puas dengan pendapat2 nya üò™",pendukung_prabowo
"PAK PRABOWO KENAPA ANDA GUGUP MENJAWAB PELANGGARAN HAM PAPUA ? KARENA ANDA ADALAH SEORANG PELAKU PELANGGARAN HAM DI WAMENA TAHUN 95 ITU.... BUKANKELLY KWALIK YG ANDA BUNUH MELAINKAN KAMPUNG2 DAN PEREMPUAN PAPUA ANDA SIKSA DI PERKOSA DAN DI BUNUH.... 
TOLONG ANDA JAWAB ITU JGN BUAT SEOLAH2 SEMUA TDK ADA MASALAH..... 
ANDA INGAT PRABOWO HUKUM KARMA 7 TURUNAN",pendukung_prabowo
"¬†@rasmanmaulana1859¬† ketiga calon semuanya menginginkan, ketiga calon semuanya bernafsu ingin menjabat.. jika tidak menyukai tidak usah dipilih, siapa yang anda sukai silahkan dipilih.. saya hanya ingin mengatakan kalau pak Prabowo sebelum saya lahir beliau sudah merelakan jiwa dan raganya untuk Bangsa negara ,rakyat, tentunya termasuk orang tua saya dan kita semua .. saya selalu hormat kepada seorang prajurit.. beliau mungkin pemarah, beliau mungkin tidak bisa mengontrol emosi seperti yang tampak.. tapi cobalah sedikit lebih mencari tau tentang Nya,. agar bukan hanya keburukan yang terus anda pandang pada dirinya... Saya dulu Tdk menyukai sikapnya nada bicaranya.. tapi semakin saya mencari tau tentang Nya.. semakin saya melihat sisi lain dari sosok beliau,.  Salam bersaudara.. silahkan memilih sesuai hati nurani.. tidak ada permusuhan di antara kita üôèüôè",pendukung_prabowo
Ya allah semoga pak prabowo dan pak gibran menjadi presiden Ri,pendukung_prabowo
"Tetap urutan no 2,,,pokoknya satu kali no 2 tetap no 2,,,pak prabowo and mas gibran,,,tiada duanya",pendukung_prabowo
"Yg jelas bukan aness, itu besor mulut doang sok pinter ,banyak omong bagus tu ganjar yg menga yomi ...ber wi bawa  lagiiii, banyak yg duka daripada anesss, saya orang rantou lama jadipenduduk di jkt  semasa dari usia muda pay skarang ...usia lanjut dari presiden sukarno pai skarang..",pendukung_ganjar
Doa saya prabowo aja,pendukung_prabowo
"Mas prabowo mas prabowo. Pengusung abah anies baswedan.  Yang mengusung gubernur itu bukan mas prabowo. Tapi yang sebenarnya pengusung abah anies jadi gubernur  antara lain. Ya PKS, Sandaga uno dan Bp mardanj kader PKS. Coba chek di google mas prabowo mas prabowo",pendukung_anis
"Q suka misi pax Prabowo,kata katanya nda berlebihan,sederhana tp pasti",pendukung_prabowo
Kalau Aq pilih pak Prabowo Gibran üëçüëç,pendukung_prabowo
pak Ganjar harus koreksi diri bahwa pernah tidak mau KESEBALAN RUSIA datang di Indonesia . Apa alasannya ???,pendukung_ganjar
Itulah jiwa TNI Dari jiwa pa prabowoüí™üëçüëçüëç,pendukung_prabowo
"Tadinya saya dukung prabowo 
Tapi melihat gagasan dan pendapat anis 

Top markotop

Yang merasa gagasan & pendapat pemikiran anis TOP 

Silahkan LIKE",pendukung_anis
Hidup PK Hanis zubaedan,pendukung_anis
Ya itulah anis,pendukung_anis
Semuga pak ANIS JD PRESENT AAMIIN YAAROOBB,pendukung_anis
Pak anies s3 ya,pendukung_anis
WowsiapakurinduGanjarjalanapasalkiprankurinduiapasalrindubuatsaiyasamuatawlawngbuleluuharikabuatkanapasalsakarangmohlakimykamalmukasiakancintaawrangmukasitokasiapakahtipubuatsudakuciarikuBatulawrangmohmuGanjarbuatawrangkanmeledudutmuphotomohlacekapkabuatangmuhahalumamsertamu,pendukung_ganjar
Prabowo.  President.  RI.,pendukung_prabowo
"Semoga Allah SWT kabulkan, insyaallah anies Baswedan jadi presiden 2024,aminkan semuanya",pendukung_anis
Yg di sampaikan Prabowo ini sevey ke lapangan apa bukti kan,pendukung_prabowo
"Sori ya sori ya jaguar bu megaüòÖüòÖ,gk takut gk punya jabatan tp nyalec trsüòÇüòÇ,betul pak anis brantas ordal dan pak ganjar yg korupsi bw ke nusakambangan untuk di santap buaya ya pak üòÖüòÖ",pendukung_anis
"Q ttp bpk prabowo , pk anis banya janji janji, biasanya cuma manis omonge",pendukung_anis
"Bpk Prabowo g tau apa"" itu mah antek"" nya",pendukung_prabowo
Jangan cari presiden yg pandai ngomong biasanya yg pandai ngmong itu kerjanya nol tetap no 2 pak prabowo is the best yg lain pandai ngomong semua üòÇüòÇüòÇüòÇ,pendukung_prabowo
"Anis mulut manis,,bukti kerjanya tidak nyata",pendukung_anis
Ganjar menghilang.nyentap d telam bumi,pendukung_ganjar
Prabowo ‚ù§‚ù§‚ù§‚ù§‚ù§‚ù§‚ù§‚ù§‚ù§‚ù§üòäüòäüòä sama pak ganjar ‚ù§‚ù§‚ù§‚ù§‚ù§‚ù§‚ù§‚ù§‚ù§üòäüòäüòäüòäüòäüòäüéâüéâüéâüéâ,pendukung_prabowo
kalok prabowok jadi presiden sy ganti istri,pendukung_prabowo
Kerjakan kerjakan. Pala bapak kaw lah.  Lumayan lah hiburan Lihat ambisi nya si aniss edan,pendukung_anis
Bismillah pak Prabowo the next Presiden....,pendukung_prabowo
Intinya rakyat memilih dua doang pak anis dangan pak prabowo mohon maaf dulu tidak untuk pak ganjar üòÖ,pendukung_anis
Anis itu beriak air tanda nya tak dalam. Hanya kata kata doang. Banyak ludah,pendukung_anis
Pak Ganjar cocok mantep hk hadir buat bpk,pendukung_ganjar
"Bangga banget sama jawaban jawaban pak prabowo , keliatan bisa menyelesaikan masalah dengan solusi bukan cuma asal cuap cuapü•∞ü•∞",pendukung_prabowo
Bismillah pak prabowo gibran menang amin ya allah,pendukung_prabowo
Amin pa anis,pendukung_anis
Dari awal calon yg lain memperpojokan pak Prabowo. dua lawan satu. Sabar pak Prabowo.,pendukung_prabowo
Anis pasti kalahüòÇ,pendukung_anis
"Point masalah perijinan rumah ibadah jgn salah persepsi, proses perijinan sdh dibuatkan lebih dahulu oleh gubernur pengganti Basuki (dikenal dgn ahok). Gubernur Anies hanya melanjutkan apa yg sdh di sahkan dalam pergub.",pendukung_anis
"Iya,Anis bisa menyalahkan angin yg tak berkatepe yaüòÇ",pendukung_anis
"Kalo keinget debat ini Yank suka ngadu domba yo iku anis sama jnggar ...
jangan di masukin kabinet pak prabowo ...bikin gaduhh anis tak tau diri kacang Lupa kulitnya ...untung nyungsep kau aniss..
Gak pantas jdi pemimpin si anisa..doyan ngomong tpi tak pinter kerja.....
Cari yank sudah bukti dan akhirnya Prabowo yank Resmi menang ..",pendukung_anis
Sekarang Prabowo bukan waktu itu ngerti nggak sih ente,pendukung_prabowo
betul itu pak prabowo penentu suara adalah rakyarüëçüëçüëçüëç,pendukung_prabowo
Aku pilih H. ANIES dan H. MUHAIMIN ISKANDAR  perbahan‚ù§,pendukung_anis
Knpa mreka nyerang Prabowo '. Whay?,pendukung_prabowo
Tetap Ganjar plg hebat dan jujur,pendukung_ganjar
"Sehat selalu bapak Prabowo, biarkan muka mereka yg tebal itu yg cuma hanya omong* itu, fokus tujuan tulus untuk republik Indonesia untuk rakyat mu , sehat selalu pak Bowo gemoy , Cirebon untuk bapak",pendukung_prabowo
Semoga bpk parabowo menang soal tani pupuk penting buat makanan ke Shtan Smga Prabowo SWT di lindungi ALLAH amin,pendukung_prabowo
Prabowo itu munafi,pendukung_prabowo
Anies Presiden Indonesia 2024 aamiin ...,pendukung_anis
Rasanya rakyat akan dibungkam ga ada kritik kl prabowo jd presdn,pendukung_prabowo
üéâsemangat bpk anis,pendukung_anis
"ganjar vs anis, itu prinsip saya yang salah satu saya dukung.",pendukung_anis
Hidup Prabowo Subianto,pendukung_prabowo
"Pak Anies netral menyampaikan visi nya, Anies berhasil presiden Indonesia",pendukung_anis
Anies,pendukung_anis
Pak ganjar,pendukung_ganjar
Nyungsep anis,pendukung_anis
Hidup pak Prabowo!!! Sehat dan bahagia selalu amenüôèüáÆüá©üôètdk hoax dan menjatuhkan dengan cara tdk ada bijaksana!!! Menjatuhkan pilpres yg tdk baik dengan cara kebencian!!! Melainkan punya integritas dan intelektual dalam memberikan kepada rakyat itulha President yg kita butuhkan!!!,pendukung_prabowo
"Kasihan sekali panies gak punya,semangat sama sekali apa belum dapat kursi mentri pendidikan lagi p anies",pendukung_anis
Itu emosi tegas mbakkk üòÇüòÇ bukan emosi marah üòÇüòÇ . Daripada dengar janji janji manis doang tapi ga pergerakan . Banyak loh program program Anis sering sekali gagal dalam perbuatannya jaring di kali itu buat apa dll üòÇüòÇ,pendukung_anis
Anis berwibawa pintar dan tanggapüòä,pendukung_anis
Pak Anis mingpin dekati aja ga becus so mimpin negara lagi habis d koropsi lg,pendukung_anis
Pak Anies slm perubahan ‚ù§‚ù§‚ù§‚ù§,pendukung_anis
"Indonesia tidak butuh yang banyak bicara. Tapi Indonesia butuh yang bisa menepati janjinya, dan bisa benar¬≤ iklas tulus kepada rakyat. All in prabowo ‚ù§ 
Sesuai amanah Gusdur dan pak habibi ‚ù§ü§≤",pendukung_prabowo
Pak prabowo is the best pokokeüòä,pendukung_prabowo
"knapa pak prabowo ngikut capres berkali¬≤ tidak pernah menang? krna allah sayang indonesia, dan tau mana yg baik mana yg buruk, bgitupun pak prabowo, yg selalu terpancing emosi nya, gmna kalo di kritik masyarakat tpi selalu terbawa emosi? semoga allah bisa membantu semuanya yg baik dan benar, adil dan jujur. terimakasih",pendukung_prabowo
Prabowo exmoshi  bismillah ganjar mahpud,pendukung_prabowo
"Kok bisa si Anis ini jadi capres, jadi gubernur saja tidak beres",pendukung_anis
Prabowo2 anda sama sekalii tidak mencermin kan pemimpin yg baik,pendukung_prabowo
Satu putaran Ganjar mahfud menang pilpres 2024,pendukung_ganjar
Anis anjing,pendukung_anis
"Pak aniiiiiiissss....pak anisss...
kalk emang angin ga punya ktp, yah pak anis harus buat ktp buat angin dongüòÇüòÇüòÇ",pendukung_anis
"Didebat pertama ini sdh keliatan wan abud alias tukang obat jenggot kumis anis baweldah memainkan kata"" manisnya yg membuat orang terbuai akan janji manisnya 
kang obat dilawan üòÇüòÇüòÇ",pendukung_anis
Hidup.bpk.prabowo.Gibran,pendukung_prabowo
"PAK PRABOWO DAN PAK JOKOWIDODO ??

MUMPUN PEMILU PRESIDEN 2024 sampai 2abad24 tahun akan datang sehingga PAKAI SEMEN DI COR BUAT KANTOR GEDUNG PUTIH DI INDONESIA SUPAYA BERSAMA AHOK COR BUAT BEKERJA,2024 üôèüôèüôèüôè",pendukung_prabowo
Amin pa anis,pendukung_anis
"Secara waras, saya lebih yakin kalo duet :

PRABOWO & MAHFUD MD

Adalah kombinasi terbaik yang bisa lanjutin negara ini.

Sayang sekali, kedua tokoh ini tidak berada dalam satu party.",pendukung_prabowo
"Assalamu,alayqum , Anies baswedan yg jadi Presiden dimata Allah swt, subarti tetap pilihan Anies rasyit baswedan, nmr 1 dibls ya",pendukung_anis
Pak prabowo sebagai menhan nyelesain papua ajh ga beres beres giman jadi presiden nyelesain berbagai maslah lainny,pendukung_prabowo
Pilian ku ya prabowo,pendukung_prabowo
"Bedakan TNI , dengan orang biasa , prabowo itu tegas karna memang jiwa tanggung jawab",pendukung_prabowo
Siapa aja mjadi persiden yg pnting bisa liat masrakat y aku sih prabowo,pendukung_prabowo
"1:07:46 Rupanya p,prabowo lebih besar emosinya dari pada ilmunyaüòÇ",pendukung_prabowo
Dukung anis jadi pemimpin suku rohingya dan ganjar jadi wakil nya üòä,pendukung_anis
Aamiin ya rabbal 'alamiin ü§≤ü§≤.. semoga benar juga janji yg pak anis sampaikan ttg kerukunan bangsa ini juga. Sama seperti rumah peribadatan yg boleh bebas dibangun serta penegakan hukum bilamana ad organisasi masyarakat yg menyeleweng.,pendukung_anis
"Pak prabowo, ini baru nyampein visi misi, jangan marah dulu pakü´∂üòá",pendukung_prabowo
"Bener bgt pak prabowo, beli pupuk harus pakai kartu tani, bantuan dari pemerintah yg pakai ATM tani dari bank BRI pun diminta sama pihak kelurahan, DIMINTA SEPAKET DENGAN PIN nya, mohon utk dikaji kembali terkait kebijakan tsb, terima kasih",pendukung_prabowo
Prabowo tidak bnyak ngomong dia hnya ingin berdindak untuk indonesia ingin membuktikan bahwa beliaw rela mati demi indonesiajdi tidak perlu bnyak omong dan pa gibran jga begituu simpel pasti dan masuk akal. Smoga  prabowo yng menjadi presiden‚ù§,pendukung_prabowo
P. Anis ganteng cerdas santun amanah wibawa mantab,pendukung_anis
"‚Äã‚Äã¬†@Sejarah-Tube1509¬†masih aja di tanyaa apa yg sudah di lakukan pak Prabowo di negri ini, bro ada hp kan? Lo search di internet lahh jgn cmn pandai merangkai kata kata kaya capres lo",pendukung_prabowo
"Pak Ganjar tolong kemiskinan di Jawa tengah di kurangi dulu..,saya berdomisili di Jawa tengah untuk cari makan saja susah..UMR nya juga masih sekecil itu.",pendukung_ganjar
"Pak Ganjar tolong kemiskinan di Jawa tengah di kurangi dulu..,saya berdomisili di Jawa tengah untuk cari makan saja susah..UMR nya juga masih sekecil itu.",pendukung_ganjar
Harusnya soal polusi. Anis jawab apayg anis laakukan . Bukan nyalahkan angin. Lempar batu,pendukung_anis
"Semangat Pak Anies,Pak Prabowo dan Pak Ganjar üòçüòçüáÆüá©",pendukung_anis
"Prabowo Gibran Menang,, !!!!!",pendukung_prabowo
Ganjar urusin aspal di jaih tengah saja tdk bisa,pendukung_ganjar
"Gw yakin yang jadi presiden prabowo, tingkat persen pendukung Prabowo meningkat üóø",pendukung_prabowo
Kalo cuma omongan doang manis buat apaüòÇ,pendukung_anis
"Pada triakk in maling apa pd lagi  berebut suara hati rakyat seh..sumpah ga paham??? Emang lg pd di suruh milih capres no 01 atau capres no 02 yaa dgn ada nya berita heboh di video itu??? mending golfud aja udah... Indonesia lbh bermartabat... üòÅüòÅüòÅ  ap kata dunia liat capresi dan cawapres nya model bikin rusuh gini...  ü§£ü§£ü§£ü§£  ... Hidup gol fuud kami lebihh baik gol fud ... Biar dpt dapat ganjar an yg di ridhoi ALLAH SWT... Aaaammmiiinnn yaaa ALLAH... Org di mana2 klo mau beriman kepada TUHAN hrs gunakan akal dan nalar yg lurus serta cerdas.. Jgn mau di budak in sama elektabilitas sehingga rakyat miskin  yg kesulitan pupuk dll dgn tolol nya di jadikan nafsu mereka dgn Dunia yg ud kaya Raya masih aja kurang mulu sama harta
..  ü§£ü§£ü§£ü§£ itu ad bukti nya di Jawa Tengah yaa suruh no 2 kata nya ü§£ü§£ü§£ü§£ ... Nihh anggaran  jakarta bekas no paslon  02 sama anggaran militer paslon 01  beda nya apa seh???? Omon... Omon...itu Rahasia org serakah ..rakus... jd rakyat miskin yg kelaparan jgn banyak taaaau... ü§£ü§£ü§£ü§£ü§£ ... Saya bicara krm ad rekam jejak mereka yg di bicara kan sama ratusan juta rakyat Indonesia yg cerdas..",pendukung_ganjar
"Pak Ganjar tolong kemiskinan di Jawa tengah di kurangi dulu..,saya berdomisili di Jawa tengah untuk cari makan saja susah..UMR nya juga masih sekecil itu.",pendukung_ganjar
Prabowo klok ngomong kesusahan,pendukung_prabowo
Mas anisssüòÇüòÇüòÇ,pendukung_anis
Mantap pak prabowo. Janji mu akan kami ingat,pendukung_prabowo
"Abah Anis Abah Anis..........
Apa sih Yg Abah Anis mau rubah??
Kan pohon üå≤ pohon di Monas Abah Anis udah ubah menjadi gundul.",pendukung_anis
"Anis ini kebanyakan bahasa manis, yg denger jadi pusing,

Pak ganjar berputar2 gak tau isi nya apa 

Pak prabowo, tipe2 yang gak suka banyak ngomong, yg penting liat nanti",pendukung_anis
prabowo saat jawab pertanyaan ganjar soal pengadilan HAM dan menunjukan dimana kubur para korban... prabowo tidak menjawab yg soal kuburan para korban,pendukung_prabowo
"Amin pak Ganjar, yg memikirkan keluhan rakyat dari Sabang sampai Merauke",pendukung_ganjar
dari debat pembicaraan anies Baswedan okey..  tapi tetap yang pantas untuk menjadi pemimpin negara PRABOWO GIBRAN . Prabowo yang selalu nepatin janji.,pendukung_anis
Dari awal pilpres gak prnah setuju sama prabowo terlalu arogan dan emosi tidak terkontrol. Makanya dlu pilih jokowi.. Jdi skrg pilihanku Pak Anies üéâ,pendukung_anis
"Kok malah curhat pak Ganjar??
Visi misinya apa ????",pendukung_ganjar
